,GBCounty,Prov_En,all_locations,GBProv,region_name
1,110100,Beijing,1,110000,Eastern
2,110112,Beijing,1,110000,Eastern
3,110113,Beijing,1,110000,Eastern
4,110114,Beijing,1,110000,Eastern
5,110224,Beijing,1,110000,Eastern
6,110226,Beijing,1,110000,Eastern
7,110227,Beijing,1,110000,Eastern
8,110228,Beijing,1,110000,Eastern
9,110229,Beijing,1,110000,Eastern
10,120100,Tianjin,1,120000,Eastern
11,120114,Tianjin,1,120000,Eastern
12,120221,Tianjin,1,120000,Eastern
13,120223,Tianjin,1,120000,Eastern
14,120224,Tianjin,1,120000,Eastern
15,120225,Tianjin,1,120000,Eastern
16,130100,Hebei,1,130000,Eastern
17,130121,Hebei,1,130000,Eastern
18,130122,Hebei,1,130000,Eastern
19,130123,Hebei,1,130000,Eastern
20,130124,Hebei,1,130000,Eastern
21,130125,Hebei,1,130000,Eastern
22,130126,Hebei,1,130000,Eastern
23,130127,Hebei,1,130000,Eastern
24,130128,Hebei,1,130000,Eastern
25,130129,Hebei,1,130000,Eastern
26,130130,Hebei,1,130000,Eastern
27,130131,Hebei,1,130000,Eastern
28,130132,Hebei,1,130000,Eastern
29,130133,Hebei,1,130000,Eastern
30,130181,Hebei,1,130000,Eastern
31,130182,Hebei,1,130000,Eastern
32,130183,Hebei,1,130000,Eastern
33,130184,Hebei,1,130000,Eastern
34,130200,Hebei,1,130000,Eastern
35,130221,Hebei,1,130000,Eastern
36,130223,Hebei,1,130000,Eastern
37,130224,Hebei,1,130000,Eastern
38,130225,Hebei,1,130000,Eastern
39,130227,Hebei,1,130000,Eastern
40,130229,Hebei,1,130000,Eastern
41,130230,Hebei,1,130000,Eastern
42,130281,Hebei,1,130000,Eastern
43,130282,Hebei,1,130000,Eastern
44,130283,Hebei,1,130000,Eastern
45,130300,Hebei,1,130000,Eastern
46,130321,Hebei,1,130000,Eastern
47,130322,Hebei,1,130000,Eastern
48,130323,Hebei,1,130000,Eastern
49,130324,Hebei,1,130000,Eastern
50,130400,Hebei,1,130000,Eastern
51,130421,Hebei,1,130000,Eastern
52,130423,Hebei,1,130000,Eastern
53,130424,Hebei,1,130000,Eastern
54,130425,Hebei,1,130000,Eastern
55,130426,Hebei,1,130000,Eastern
56,130427,Hebei,1,130000,Eastern
57,130428,Hebei,1,130000,Eastern
58,130429,Hebei,1,130000,Eastern
59,130430,Hebei,1,130000,Eastern
60,130431,Hebei,1,130000,Eastern
61,130432,Hebei,1,130000,Eastern
62,130433,Hebei,1,130000,Eastern
63,130434,Hebei,1,130000,Eastern
64,130435,Hebei,1,130000,Eastern
65,130481,Hebei,1,130000,Eastern
66,130500,Hebei,1,130000,Eastern
67,130521,Hebei,1,130000,Eastern
68,130522,Hebei,1,130000,Eastern
69,130523,Hebei,1,130000,Eastern
70,130524,Hebei,1,130000,Eastern
71,130525,Hebei,1,130000,Eastern
72,130526,Hebei,1,130000,Eastern
73,130527,Hebei,1,130000,Eastern
74,130528,Hebei,1,130000,Eastern
75,130529,Hebei,1,130000,Eastern
76,130530,Hebei,1,130000,Eastern
77,130531,Hebei,1,130000,Eastern
78,130532,Hebei,1,130000,Eastern
79,130533,Hebei,1,130000,Eastern
80,130534,Hebei,1,130000,Eastern
81,130535,Hebei,1,130000,Eastern
82,130581,Hebei,1,130000,Eastern
83,130582,Hebei,1,130000,Eastern
84,130600,Hebei,1,130000,Eastern
85,130621,Hebei,1,130000,Eastern
86,130622,Hebei,1,130000,Eastern
87,130623,Hebei,1,130000,Eastern
88,130624,Hebei,1,130000,Eastern
89,130625,Hebei,1,130000,Eastern
90,130626,Hebei,1,130000,Eastern
91,130627,Hebei,1,130000,Eastern
92,130628,Hebei,1,130000,Eastern
93,130629,Hebei,1,130000,Eastern
94,130630,Hebei,1,130000,Eastern
95,130631,Hebei,1,130000,Eastern
96,130632,Hebei,1,130000,Eastern
97,130633,Hebei,1,130000,Eastern
98,130634,Hebei,1,130000,Eastern
99,130635,Hebei,1,130000,Eastern
100,130636,Hebei,1,130000,Eastern
101,130637,Hebei,1,130000,Eastern
102,130638,Hebei,1,130000,Eastern
103,130681,Hebei,1,130000,Eastern
104,130682,Hebei,1,130000,Eastern
105,130683,Hebei,1,130000,Eastern
106,130684,Hebei,1,130000,Eastern
107,130700,Hebei,1,130000,Eastern
108,130721,Hebei,1,130000,Eastern
109,130722,Hebei,1,130000,Eastern
110,130723,Hebei,1,130000,Eastern
111,130724,Hebei,1,130000,Eastern
112,130725,Hebei,1,130000,Eastern
113,130726,Hebei,1,130000,Eastern
114,130727,Hebei,1,130000,Eastern
115,130728,Hebei,1,130000,Eastern
116,130729,Hebei,1,130000,Eastern
117,130730,Hebei,1,130000,Eastern
118,130731,Hebei,1,130000,Eastern
119,130732,Hebei,1,130000,Eastern
120,130733,Hebei,1,130000,Eastern
121,130800,Hebei,1,130000,Eastern
122,130821,Hebei,1,130000,Eastern
123,130822,Hebei,1,130000,Eastern
124,130823,Hebei,1,130000,Eastern
125,130824,Hebei,1,130000,Eastern
126,130825,Hebei,1,130000,Eastern
127,130826,Hebei,1,130000,Eastern
128,130827,Hebei,1,130000,Eastern
129,130828,Hebei,1,130000,Eastern
130,130900,Hebei,1,130000,Eastern
131,130921,Hebei,1,130000,Eastern
132,130922,Hebei,1,130000,Eastern
133,130923,Hebei,1,130000,Eastern
134,130924,Hebei,1,130000,Eastern
135,130925,Hebei,1,130000,Eastern
136,130926,Hebei,1,130000,Eastern
137,130927,Hebei,1,130000,Eastern
138,130928,Hebei,1,130000,Eastern
139,130929,Hebei,1,130000,Eastern
140,130930,Hebei,1,130000,Eastern
141,130981,Hebei,1,130000,Eastern
142,130982,Hebei,1,130000,Eastern
143,130983,Hebei,1,130000,Eastern
144,130984,Hebei,1,130000,Eastern
145,131000,Hebei,1,130000,Eastern
146,131022,Hebei,1,130000,Eastern
147,131023,Hebei,1,130000,Eastern
148,131024,Hebei,1,130000,Eastern
149,131025,Hebei,1,130000,Eastern
150,131026,Hebei,1,130000,Eastern
151,131028,Hebei,1,130000,Eastern
152,131081,Hebei,1,130000,Eastern
153,131082,Hebei,1,130000,Eastern
154,131100,Hebei,1,130000,Eastern
155,131121,Hebei,1,130000,Eastern
156,131122,Hebei,1,130000,Eastern
157,131123,Hebei,1,130000,Eastern
158,131124,Hebei,1,130000,Eastern
159,131125,Hebei,1,130000,Eastern
160,131126,Hebei,1,130000,Eastern
161,131127,Hebei,1,130000,Eastern
162,131129,Hebei,1,130000,Eastern
163,131181,Hebei,1,130000,Eastern
164,131182,Hebei,1,130000,Eastern
165,140100,Shanxi,1,140000,Central
166,140121,Shanxi,1,140000,Central
167,140122,Shanxi,1,140000,Central
168,140123,Shanxi,1,140000,Central
169,140181,Shanxi,1,140000,Central
170,140200,Shanxi,1,140000,Central
171,140221,Shanxi,1,140000,Central
172,140222,Shanxi,1,140000,Central
173,140223,Shanxi,1,140000,Central
174,140224,Shanxi,1,140000,Central
175,140225,Shanxi,1,140000,Central
176,140226,Shanxi,1,140000,Central
177,140227,Shanxi,1,140000,Central
178,140300,Shanxi,1,140000,Central
179,140321,Shanxi,1,140000,Central
180,140322,Shanxi,1,140000,Central
181,140400,Shanxi,1,140000,Central
182,140421,Shanxi,1,140000,Central
183,140423,Shanxi,1,140000,Central
184,140424,Shanxi,1,140000,Central
185,140425,Shanxi,1,140000,Central
186,140426,Shanxi,1,140000,Central
187,140427,Shanxi,1,140000,Central
188,140428,Shanxi,1,140000,Central
189,140429,Shanxi,1,140000,Central
190,140430,Shanxi,1,140000,Central
191,140431,Shanxi,1,140000,Central
192,140481,Shanxi,1,140000,Central
193,140500,Shanxi,1,140000,Central
194,140521,Shanxi,1,140000,Central
195,140522,Shanxi,1,140000,Central
196,140524,Shanxi,1,140000,Central
197,140581,Shanxi,1,140000,Central
198,140600,Shanxi,1,140000,Central
199,140621,Shanxi,1,140000,Central
200,140622,Shanxi,1,140000,Central
201,140623,Shanxi,1,140000,Central
202,140624,Shanxi,1,140000,Central
203,140702,Shanxi,1,140000,Central
204,140721,Shanxi,1,140000,Central
205,140722,Shanxi,1,140000,Central
206,140723,Shanxi,1,140000,Central
207,140724,Shanxi,1,140000,Central
208,140725,Shanxi,1,140000,Central
209,140726,Shanxi,1,140000,Central
210,140727,Shanxi,1,140000,Central
211,140728,Shanxi,1,140000,Central
212,140729,Shanxi,1,140000,Central
213,140781,Shanxi,1,140000,Central
214,140800,Shanxi,1,140000,Central
215,140821,Shanxi,1,140000,Central
216,140822,Shanxi,1,140000,Central
217,140823,Shanxi,1,140000,Central
218,140824,Shanxi,1,140000,Central
219,140825,Shanxi,1,140000,Central
220,140826,Shanxi,1,140000,Central
221,140827,Shanxi,1,140000,Central
222,140828,Shanxi,1,140000,Central
223,140829,Shanxi,1,140000,Central
224,140830,Shanxi,1,140000,Central
225,140881,Shanxi,1,140000,Central
226,140882,Shanxi,1,140000,Central
227,140900,Shanxi,1,140000,Central
228,140921,Shanxi,1,140000,Central
229,140922,Shanxi,1,140000,Central
230,140923,Shanxi,1,140000,Central
231,140924,Shanxi,1,140000,Central
232,140925,Shanxi,1,140000,Central
233,140926,Shanxi,1,140000,Central
234,140927,Shanxi,1,140000,Central
235,140928,Shanxi,1,140000,Central
236,140929,Shanxi,1,140000,Central
237,140930,Shanxi,1,140000,Central
238,140931,Shanxi,1,140000,Central
239,140932,Shanxi,1,140000,Central
240,140981,Shanxi,1,140000,Central
241,141000,Shanxi,1,140000,Central
242,141021,Shanxi,1,140000,Central
243,141022,Shanxi,1,140000,Central
244,141023,Shanxi,1,140000,Central
245,141024,Shanxi,1,140000,Central
246,141025,Shanxi,1,140000,Central
247,141026,Shanxi,1,140000,Central
248,141027,Shanxi,1,140000,Central
249,141028,Shanxi,1,140000,Central
250,141029,Shanxi,1,140000,Central
251,141030,Shanxi,1,140000,Central
252,141031,Shanxi,1,140000,Central
253,141032,Shanxi,1,140000,Central
254,141033,Shanxi,1,140000,Central
255,141034,Shanxi,1,140000,Central
256,141081,Shanxi,1,140000,Central
257,141082,Shanxi,1,140000,Central
258,142301,Shanxi,1,140000,Central
259,142302,Shanxi,1,140000,Central
260,142303,Shanxi,1,140000,Central
261,142322,Shanxi,1,140000,Central
262,142323,Shanxi,1,140000,Central
263,142325,Shanxi,1,140000,Central
264,142326,Shanxi,1,140000,Central
265,142327,Shanxi,1,140000,Central
266,142328,Shanxi,1,140000,Central
267,142329,Shanxi,1,140000,Central
268,142330,Shanxi,1,140000,Central
269,142332,Shanxi,1,140000,Central
270,142333,Shanxi,1,140000,Central
271,150100,Neimenggu,1,NA,Western
272,150121,Neimenggu,1,NA,Western
273,150122,Neimenggu,1,NA,Western
274,150200,Neimenggu,1,NA,Western
275,150221,Neimenggu,1,NA,Western
276,150222,Neimenggu,1,NA,Western
277,150300,Neimenggu,1,NA,Western
278,150400,Neimenggu,1,NA,Western
279,150421,Neimenggu,1,NA,Western
280,150422,Neimenggu,1,NA,Western
281,150423,Neimenggu,1,NA,Western
282,150424,Neimenggu,1,NA,Western
283,150425,Neimenggu,1,NA,Western
284,150426,Neimenggu,1,NA,Western
285,150428,Neimenggu,1,NA,Western
286,150429,Neimenggu,1,NA,Western
287,150430,Neimenggu,1,NA,Western
288,150500,Neimenggu,1,NA,Western
289,150521,Neimenggu,1,NA,Western
290,150522,Neimenggu,1,NA,Western
291,150523,Neimenggu,1,NA,Western
292,150524,Neimenggu,1,NA,Western
293,150525,Neimenggu,1,NA,Western
294,150526,Neimenggu,1,NA,Western
295,150581,Neimenggu,1,NA,Western
296,152101,Neimenggu,1,NA,Western
297,152102,Neimenggu,1,NA,Western
298,152103,Neimenggu,1,NA,Western
299,152104,Neimenggu,1,NA,Western
300,152105,Neimenggu,1,NA,Western
301,152106,Neimenggu,1,NA,Western
302,152122,Neimenggu,1,NA,Western
303,152123,Neimenggu,1,NA,Western
304,152127,Neimenggu,1,NA,Western
305,152128,Neimenggu,1,NA,Western
306,152129,Neimenggu,1,NA,Western
307,152130,Neimenggu,1,NA,Western
308,152131,Neimenggu,1,NA,Western
309,152201,Neimenggu,1,NA,Western
310,152221,Neimenggu,1,NA,Western
311,152222,Neimenggu,1,NA,Western
312,152223,Neimenggu,1,NA,Western
313,152224,Neimenggu,1,NA,Western
314,152501,Neimenggu,1,NA,Western
315,152502,Neimenggu,1,NA,Western
316,152522,Neimenggu,1,NA,Western
317,152523,Neimenggu,1,NA,Western
318,152524,Neimenggu,1,NA,Western
319,152525,Neimenggu,1,NA,Western
320,152526,Neimenggu,1,NA,Western
321,152527,Neimenggu,1,NA,Western
322,152528,Neimenggu,1,NA,Western
323,152529,Neimenggu,1,NA,Western
324,152530,Neimenggu,1,NA,Western
325,152531,Neimenggu,1,NA,Western
326,152601,Neimenggu,1,NA,Western
327,152602,Neimenggu,1,NA,Western
328,152621,Neimenggu,1,NA,Western
329,152622,Neimenggu,1,NA,Western
330,152623,Neimenggu,1,NA,Western
331,152624,Neimenggu,1,NA,Western
332,152625,Neimenggu,1,NA,Western
333,152626,Neimenggu,1,NA,Western
334,152627,Neimenggu,1,NA,Western
335,152629,Neimenggu,1,NA,Western
336,152630,Neimenggu,1,NA,Western
337,152631,Neimenggu,1,NA,Western
338,152632,Neimenggu,1,NA,Western
339,152633,Neimenggu,1,NA,Western
340,152634,Neimenggu,1,NA,Western
341,152701,Neimenggu,1,NA,Western
342,152722,Neimenggu,1,NA,Western
343,152723,Neimenggu,1,NA,Western
344,152724,Neimenggu,1,NA,Western
345,152725,Neimenggu,1,NA,Western
346,152726,Neimenggu,1,NA,Western
347,152727,Neimenggu,1,NA,Western
348,152728,Neimenggu,1,NA,Western
349,152801,Neimenggu,1,NA,Western
350,152822,Neimenggu,1,NA,Western
351,152823,Neimenggu,1,NA,Western
352,152824,Neimenggu,1,NA,Western
353,152825,Neimenggu,1,NA,Western
354,152826,Neimenggu,1,NA,Western
355,152827,Neimenggu,1,NA,Western
356,152921,Neimenggu,1,NA,Western
357,152922,Neimenggu,1,NA,Western
358,152923,Neimenggu,1,NA,Western
359,210100,Liaoning,1,210000,Northeastern
360,210122,Liaoning,1,210000,Northeastern
361,210123,Liaoning,1,210000,Northeastern
362,210124,Liaoning,1,210000,Northeastern
363,210181,Liaoning,1,210000,Northeastern
364,210200,Liaoning,1,210000,Northeastern
365,210224,Liaoning,1,210000,Northeastern
366,210281,Liaoning,1,210000,Northeastern
367,210282,Liaoning,1,210000,Northeastern
368,210283,Liaoning,1,210000,Northeastern
369,210300,Liaoning,1,210000,Northeastern
370,210321,Liaoning,1,210000,Northeastern
371,210323,Liaoning,1,210000,Northeastern
372,210381,Liaoning,1,210000,Northeastern
373,210400,Liaoning,1,210000,Northeastern
374,210421,Liaoning,1,210000,Northeastern
375,210422,Liaoning,1,210000,Northeastern
376,210423,Liaoning,1,210000,Northeastern
377,210500,Liaoning,1,210000,Northeastern
378,210521,Liaoning,1,210000,Northeastern
379,210522,Liaoning,1,210000,Northeastern
380,210600,Liaoning,1,210000,Northeastern
381,210624,Liaoning,1,210000,Northeastern
382,210681,Liaoning,1,210000,Northeastern
383,210682,Liaoning,1,210000,Northeastern
384,210700,Liaoning,1,210000,Northeastern
385,210726,Liaoning,1,210000,Northeastern
386,210727,Liaoning,1,210000,Northeastern
387,210781,Liaoning,1,210000,Northeastern
388,210782,Liaoning,1,210000,Northeastern
389,210800,Liaoning,1,210000,Northeastern
390,210881,Liaoning,1,210000,Northeastern
391,210882,Liaoning,1,210000,Northeastern
392,210900,Liaoning,1,210000,Northeastern
393,210921,Liaoning,1,210000,Northeastern
394,210922,Liaoning,1,210000,Northeastern
395,211000,Liaoning,1,210000,Northeastern
396,211021,Liaoning,1,210000,Northeastern
397,211081,Liaoning,1,210000,Northeastern
398,211100,Liaoning,1,210000,Northeastern
399,211121,Liaoning,1,210000,Northeastern
400,211122,Liaoning,1,210000,Northeastern
401,211200,Liaoning,1,210000,Northeastern
402,211221,Liaoning,1,210000,Northeastern
403,211223,Liaoning,1,210000,Northeastern
404,211224,Liaoning,1,210000,Northeastern
405,211281,Liaoning,1,210000,Northeastern
406,211282,Liaoning,1,210000,Northeastern
407,211300,Liaoning,1,210000,Northeastern
408,211321,Liaoning,1,210000,Northeastern
409,211322,Liaoning,1,210000,Northeastern
410,211324,Liaoning,1,210000,Northeastern
411,211381,Liaoning,1,210000,Northeastern
412,211382,Liaoning,1,210000,Northeastern
413,211400,Liaoning,1,210000,Northeastern
414,211421,Liaoning,1,210000,Northeastern
415,211422,Liaoning,1,210000,Northeastern
416,211481,Liaoning,1,210000,Northeastern
417,220100,Jilin,1,220000,Northeastern
418,220112,Jilin,1,220000,Northeastern
419,220122,Jilin,1,220000,Northeastern
420,220181,Jilin,1,220000,Northeastern
421,220182,Jilin,1,220000,Northeastern
422,220183,Jilin,1,220000,Northeastern
423,220200,Jilin,1,220000,Northeastern
424,220221,Jilin,1,220000,Northeastern
425,220281,Jilin,1,220000,Northeastern
426,220282,Jilin,1,220000,Northeastern
427,220283,Jilin,1,220000,Northeastern
428,220284,Jilin,1,220000,Northeastern
429,220300,Jilin,1,220000,Northeastern
430,220322,Jilin,1,220000,Northeastern
431,220323,Jilin,1,220000,Northeastern
432,220381,Jilin,1,220000,Northeastern
433,220382,Jilin,1,220000,Northeastern
434,220400,Jilin,1,220000,Northeastern
435,220421,Jilin,1,220000,Northeastern
436,220422,Jilin,1,220000,Northeastern
437,220500,Jilin,1,220000,Northeastern
438,220521,Jilin,1,220000,Northeastern
439,220523,Jilin,1,220000,Northeastern
440,220524,Jilin,1,220000,Northeastern
441,220581,Jilin,1,220000,Northeastern
442,220582,Jilin,1,220000,Northeastern
443,220600,Jilin,1,220000,Northeastern
444,220621,Jilin,1,220000,Northeastern
445,220622,Jilin,1,220000,Northeastern
446,220623,Jilin,1,220000,Northeastern
447,220700,Jilin,1,220000,Northeastern
448,220721,Jilin,1,220000,Northeastern
449,220722,Jilin,1,220000,Northeastern
450,220723,Jilin,1,220000,Northeastern
451,220800,Jilin,1,220000,Northeastern
452,220821,Jilin,1,220000,Northeastern
453,220822,Jilin,1,220000,Northeastern
454,220881,Jilin,1,220000,Northeastern
455,220882,Jilin,1,220000,Northeastern
456,222401,Jilin,1,220000,Northeastern
457,222402,Jilin,1,220000,Northeastern
458,222403,Jilin,1,220000,Northeastern
459,222404,Jilin,1,220000,Northeastern
460,222405,Jilin,1,220000,Northeastern
461,222406,Jilin,1,220000,Northeastern
462,222424,Jilin,1,220000,Northeastern
463,222426,Jilin,1,220000,Northeastern
464,230100,Heilongjiang,1,230000,Northeastern
465,230121,Heilongjiang,1,230000,Northeastern
466,230123,Heilongjiang,1,230000,Northeastern
467,230124,Heilongjiang,1,230000,Northeastern
468,230125,Heilongjiang,1,230000,Northeastern
469,230126,Heilongjiang,1,230000,Northeastern
470,230127,Heilongjiang,1,230000,Northeastern
471,230128,Heilongjiang,1,230000,Northeastern
472,230129,Heilongjiang,1,230000,Northeastern
473,230181,Heilongjiang,1,230000,Northeastern
474,230182,Heilongjiang,1,230000,Northeastern
475,230183,Heilongjiang,1,230000,Northeastern
476,230184,Heilongjiang,1,230000,Northeastern
477,230200,Heilongjiang,1,230000,Northeastern
478,230221,Heilongjiang,1,230000,Northeastern
479,230223,Heilongjiang,1,230000,Northeastern
480,230224,Heilongjiang,1,230000,Northeastern
481,230225,Heilongjiang,1,230000,Northeastern
482,230227,Heilongjiang,1,230000,Northeastern
483,230229,Heilongjiang,1,230000,Northeastern
484,230230,Heilongjiang,1,230000,Northeastern
485,230231,Heilongjiang,1,230000,Northeastern
486,230281,Heilongjiang,1,230000,Northeastern
487,230300,Heilongjiang,1,230000,Northeastern
488,230321,Heilongjiang,1,230000,Northeastern
489,230381,Heilongjiang,1,230000,Northeastern
490,230382,Heilongjiang,1,230000,Northeastern
491,230400,Heilongjiang,1,230000,Northeastern
492,230421,Heilongjiang,1,230000,Northeastern
493,230422,Heilongjiang,1,230000,Northeastern
494,230500,Heilongjiang,1,230000,Northeastern
495,230521,Heilongjiang,1,230000,Northeastern
496,230522,Heilongjiang,1,230000,Northeastern
497,230523,Heilongjiang,1,230000,Northeastern
498,230524,Heilongjiang,1,230000,Northeastern
499,230600,Heilongjiang,1,230000,Northeastern
500,230621,Heilongjiang,1,230000,Northeastern
501,230622,Heilongjiang,1,230000,Northeastern
502,230623,Heilongjiang,1,230000,Northeastern
503,230624,Heilongjiang,1,230000,Northeastern
504,230700,Heilongjiang,1,230000,Northeastern
505,230722,Heilongjiang,1,230000,Northeastern
506,230781,Heilongjiang,1,230000,Northeastern
507,230800,Heilongjiang,1,230000,Northeastern
508,230822,Heilongjiang,1,230000,Northeastern
509,230826,Heilongjiang,1,230000,Northeastern
510,230828,Heilongjiang,1,230000,Northeastern
511,230833,Heilongjiang,1,230000,Northeastern
512,230881,Heilongjiang,1,230000,Northeastern
513,230882,Heilongjiang,1,230000,Northeastern
514,230900,Heilongjiang,1,230000,Northeastern
515,230921,Heilongjiang,1,230000,Northeastern
516,231000,Heilongjiang,1,230000,Northeastern
517,231024,Heilongjiang,1,230000,Northeastern
518,231025,Heilongjiang,1,230000,Northeastern
519,231081,Heilongjiang,1,230000,Northeastern
520,231083,Heilongjiang,1,230000,Northeastern
521,231084,Heilongjiang,1,230000,Northeastern
522,231085,Heilongjiang,1,230000,Northeastern
523,231100,Heilongjiang,1,230000,Northeastern
524,231121,Heilongjiang,1,230000,Northeastern
525,231123,Heilongjiang,1,230000,Northeastern
526,231124,Heilongjiang,1,230000,Northeastern
527,231181,Heilongjiang,1,230000,Northeastern
528,231182,Heilongjiang,1,230000,Northeastern
529,231200,Heilongjiang,1,230000,Northeastern
530,231221,Heilongjiang,1,230000,Northeastern
531,231222,Heilongjiang,1,230000,Northeastern
532,231223,Heilongjiang,1,230000,Northeastern
533,231224,Heilongjiang,1,230000,Northeastern
534,231225,Heilongjiang,1,230000,Northeastern
535,231226,Heilongjiang,1,230000,Northeastern
536,231281,Heilongjiang,1,230000,Northeastern
537,231282,Heilongjiang,1,230000,Northeastern
538,231283,Heilongjiang,1,230000,Northeastern
539,232701,Heilongjiang,1,230000,Northeastern
540,232702,Heilongjiang,1,230000,Northeastern
541,232703,Heilongjiang,1,230000,Northeastern
542,232704,Heilongjiang,1,230000,Northeastern
543,232721,Heilongjiang,1,230000,Northeastern
544,232722,Heilongjiang,1,230000,Northeastern
545,232723,Heilongjiang,1,230000,Northeastern
546,310100,Shanghai,1,310000,Eastern
547,310112,Shanghai,1,310000,Eastern
548,310114,Shanghai,1,310000,Eastern
549,310115,Shanghai,1,310000,Eastern
550,310116,Shanghai,1,310000,Eastern
551,310117,Shanghai,1,310000,Eastern
552,310118,Shanghai,1,310000,Eastern
553,310225,Shanghai,1,310000,Eastern
554,310226,Shanghai,1,310000,Eastern
555,310230,Shanghai,1,310000,Eastern
556,320100,Jiangsu,1,320000,Eastern
557,320121,Jiangsu,1,320000,Eastern
558,320122,Jiangsu,1,320000,Eastern
559,320123,Jiangsu,1,320000,Eastern
560,320124,Jiangsu,1,320000,Eastern
561,320125,Jiangsu,1,320000,Eastern
562,320200,Jiangsu,1,320000,Eastern
563,320281,Jiangsu,1,320000,Eastern
564,320282,Jiangsu,1,320000,Eastern
565,320283,Jiangsu,1,320000,Eastern
566,320300,Jiangsu,1,320000,Eastern
567,320321,Jiangsu,1,320000,Eastern
568,320322,Jiangsu,1,320000,Eastern
569,320323,Jiangsu,1,320000,Eastern
570,320324,Jiangsu,1,320000,Eastern
571,320381,Jiangsu,1,320000,Eastern
572,320382,Jiangsu,1,320000,Eastern
573,320400,Jiangsu,1,320000,Eastern
574,320481,Jiangsu,1,320000,Eastern
575,320482,Jiangsu,1,320000,Eastern
576,320483,Jiangsu,1,320000,Eastern
577,320500,Jiangsu,1,320000,Eastern
578,320581,Jiangsu,1,320000,Eastern
579,320582,Jiangsu,1,320000,Eastern
580,320583,Jiangsu,1,320000,Eastern
581,320584,Jiangsu,1,320000,Eastern
582,320585,Jiangsu,1,320000,Eastern
583,320586,Jiangsu,1,320000,Eastern
584,320600,Jiangsu,1,320000,Eastern
585,320621,Jiangsu,1,320000,Eastern
586,320623,Jiangsu,1,320000,Eastern
587,320681,Jiangsu,1,320000,Eastern
588,320682,Jiangsu,1,320000,Eastern
589,320683,Jiangsu,1,320000,Eastern
590,320684,Jiangsu,1,320000,Eastern
591,320700,Jiangsu,1,320000,Eastern
592,320721,Jiangsu,1,320000,Eastern
593,320722,Jiangsu,1,320000,Eastern
594,320723,Jiangsu,1,320000,Eastern
595,320724,Jiangsu,1,320000,Eastern
596,320800,Jiangsu,1,320000,Eastern
597,320821,Jiangsu,1,320000,Eastern
598,320826,Jiangsu,1,320000,Eastern
599,320829,Jiangsu,1,320000,Eastern
600,320830,Jiangsu,1,320000,Eastern
601,320831,Jiangsu,1,320000,Eastern
602,320882,Jiangsu,1,320000,Eastern
603,320900,Jiangsu,1,320000,Eastern
604,320921,Jiangsu,1,320000,Eastern
605,320922,Jiangsu,1,320000,Eastern
606,320923,Jiangsu,1,320000,Eastern
607,320924,Jiangsu,1,320000,Eastern
608,320925,Jiangsu,1,320000,Eastern
609,320981,Jiangsu,1,320000,Eastern
610,320982,Jiangsu,1,320000,Eastern
611,321000,Jiangsu,1,320000,Eastern
612,321023,Jiangsu,1,320000,Eastern
613,321027,Jiangsu,1,320000,Eastern
614,321081,Jiangsu,1,320000,Eastern
615,321084,Jiangsu,1,320000,Eastern
616,321088,Jiangsu,1,320000,Eastern
617,321100,Jiangsu,1,320000,Eastern
618,321121,Jiangsu,1,320000,Eastern
619,321181,Jiangsu,1,320000,Eastern
620,321182,Jiangsu,1,320000,Eastern
621,321183,Jiangsu,1,320000,Eastern
622,321200,Jiangsu,1,320000,Eastern
623,321281,Jiangsu,1,320000,Eastern
624,321282,Jiangsu,1,320000,Eastern
625,321283,Jiangsu,1,320000,Eastern
626,321284,Jiangsu,1,320000,Eastern
627,321300,Jiangsu,1,320000,Eastern
628,321322,Jiangsu,1,320000,Eastern
629,321323,Jiangsu,1,320000,Eastern
630,321324,Jiangsu,1,320000,Eastern
631,330100,Zhejiang,1,330000,Eastern
632,330122,Zhejiang,1,330000,Eastern
633,330127,Zhejiang,1,330000,Eastern
634,330181,Zhejiang,1,330000,Eastern
635,330182,Zhejiang,1,330000,Eastern
636,330183,Zhejiang,1,330000,Eastern
637,330184,Zhejiang,1,330000,Eastern
638,330185,Zhejiang,1,330000,Eastern
639,330200,Zhejiang,1,330000,Eastern
640,330225,Zhejiang,1,330000,Eastern
641,330226,Zhejiang,1,330000,Eastern
642,330227,Zhejiang,1,330000,Eastern
643,330281,Zhejiang,1,330000,Eastern
644,330282,Zhejiang,1,330000,Eastern
645,330283,Zhejiang,1,330000,Eastern
646,330300,Zhejiang,1,330000,Eastern
647,330304,Zhejiang,1,330000,Eastern
648,330322,Zhejiang,1,330000,Eastern
649,330324,Zhejiang,1,330000,Eastern
650,330326,Zhejiang,1,330000,Eastern
651,330327,Zhejiang,1,330000,Eastern
652,330328,Zhejiang,1,330000,Eastern
653,330329,Zhejiang,1,330000,Eastern
654,330381,Zhejiang,1,330000,Eastern
655,330382,Zhejiang,1,330000,Eastern
656,330400,Zhejiang,1,330000,Eastern
657,330421,Zhejiang,1,330000,Eastern
658,330424,Zhejiang,1,330000,Eastern
659,330481,Zhejiang,1,330000,Eastern
660,330482,Zhejiang,1,330000,Eastern
661,330483,Zhejiang,1,330000,Eastern
662,330500,Zhejiang,1,330000,Eastern
663,330521,Zhejiang,1,330000,Eastern
664,330522,Zhejiang,1,330000,Eastern
665,330523,Zhejiang,1,330000,Eastern
666,330600,Zhejiang,1,330000,Eastern
667,330621,Zhejiang,1,330000,Eastern
668,330624,Zhejiang,1,330000,Eastern
669,330681,Zhejiang,1,330000,Eastern
670,330682,Zhejiang,1,330000,Eastern
671,330683,Zhejiang,1,330000,Eastern
672,330700,Zhejiang,1,330000,Eastern
673,330721,Zhejiang,1,330000,Eastern
674,330723,Zhejiang,1,330000,Eastern
675,330726,Zhejiang,1,330000,Eastern
676,330727,Zhejiang,1,330000,Eastern
677,330781,Zhejiang,1,330000,Eastern
678,330782,Zhejiang,1,330000,Eastern
679,330783,Zhejiang,1,330000,Eastern
680,330784,Zhejiang,1,330000,Eastern
681,330800,Zhejiang,1,330000,Eastern
682,330821,Zhejiang,1,330000,Eastern
683,330822,Zhejiang,1,330000,Eastern
684,330824,Zhejiang,1,330000,Eastern
685,330825,Zhejiang,1,330000,Eastern
686,330881,Zhejiang,1,330000,Eastern
687,330900,Zhejiang,1,330000,Eastern
688,330921,Zhejiang,1,330000,Eastern
689,330922,Zhejiang,1,330000,Eastern
690,331002,Zhejiang,1,330000,Eastern
691,331021,Zhejiang,1,330000,Eastern
692,331022,Zhejiang,1,330000,Eastern
693,331023,Zhejiang,1,330000,Eastern
694,331024,Zhejiang,1,330000,Eastern
695,331033,Zhejiang,1,330000,Eastern
696,331081,Zhejiang,1,330000,Eastern
697,331082,Zhejiang,1,330000,Eastern
698,331100,Zhejiang,1,330000,Eastern
699,331121,Zhejiang,1,330000,Eastern
700,331122,Zhejiang,1,330000,Eastern
701,331123,Zhejiang,1,330000,Eastern
702,331124,Zhejiang,1,330000,Eastern
703,331125,Zhejiang,1,330000,Eastern
704,331126,Zhejiang,1,330000,Eastern
705,331127,Zhejiang,1,330000,Eastern
706,331181,Zhejiang,1,330000,Eastern
707,340100,Anhui,1,340000,Central
708,340121,Anhui,1,340000,Central
709,340122,Anhui,1,340000,Central
710,340123,Anhui,1,340000,Central
711,340200,Anhui,1,340000,Central
712,340221,Anhui,1,340000,Central
713,340222,Anhui,1,340000,Central
714,340223,Anhui,1,340000,Central
715,340300,Anhui,1,340000,Central
716,340321,Anhui,1,340000,Central
717,340322,Anhui,1,340000,Central
718,340323,Anhui,1,340000,Central
719,340400,Anhui,1,340000,Central
720,340421,Anhui,1,340000,Central
721,340500,Anhui,1,340000,Central
722,340521,Anhui,1,340000,Central
723,340600,Anhui,1,340000,Central
724,340621,Anhui,1,340000,Central
725,340700,Anhui,1,340000,Central
726,340721,Anhui,1,340000,Central
727,340800,Anhui,1,340000,Central
728,340822,Anhui,1,340000,Central
729,340823,Anhui,1,340000,Central
730,340824,Anhui,1,340000,Central
731,340825,Anhui,1,340000,Central
732,340826,Anhui,1,340000,Central
733,340827,Anhui,1,340000,Central
734,340828,Anhui,1,340000,Central
735,340881,Anhui,1,340000,Central
736,341000,Anhui,1,340000,Central
737,341021,Anhui,1,340000,Central
738,341022,Anhui,1,340000,Central
739,341023,Anhui,1,340000,Central
740,341024,Anhui,1,340000,Central
741,341100,Anhui,1,340000,Central
742,341122,Anhui,1,340000,Central
743,341124,Anhui,1,340000,Central
744,341125,Anhui,1,340000,Central
745,341126,Anhui,1,340000,Central
746,341181,Anhui,1,340000,Central
747,341182,Anhui,1,340000,Central
748,341200,Anhui,1,340000,Central
749,341221,Anhui,1,340000,Central
750,341222,Anhui,1,340000,Central
751,341225,Anhui,1,340000,Central
752,341226,Anhui,1,340000,Central
753,341282,Anhui,1,340000,Central
754,341300,Anhui,1,340000,Central
755,341321,Anhui,1,340000,Central
756,341322,Anhui,1,340000,Central
757,341323,Anhui,1,340000,Central
758,341324,Anhui,1,340000,Central
759,341400,Anhui,1,340000,Central
760,341421,Anhui,1,340000,Central
761,341422,Anhui,1,340000,Central
762,341423,Anhui,1,340000,Central
763,341424,Anhui,1,340000,Central
764,341500,Anhui,1,340000,Central
765,341521,Anhui,1,340000,Central
766,341522,Anhui,1,340000,Central
767,341523,Anhui,1,340000,Central
768,341524,Anhui,1,340000,Central
769,341525,Anhui,1,340000,Central
770,341600,Anhui,1,340000,Central
771,341621,Anhui,1,340000,Central
772,341622,Anhui,1,340000,Central
773,341623,Anhui,1,340000,Central
774,341702,Anhui,1,340000,Central
775,341721,Anhui,1,340000,Central
776,341722,Anhui,1,340000,Central
777,341723,Anhui,1,340000,Central
778,341800,Anhui,1,340000,Central
779,341821,Anhui,1,340000,Central
780,341822,Anhui,1,340000,Central
781,341823,Anhui,1,340000,Central
782,341824,Anhui,1,340000,Central
783,341825,Anhui,1,340000,Central
784,341881,Anhui,1,340000,Central
785,342121,Anhui,1,340000,Central
786,342223,Anhui,1,340000,Central
787,342421,Anhui,1,340000,Central
788,350100,Fujian,1,350000,Eastern
789,350121,Fujian,1,350000,Eastern
790,350122,Fujian,1,350000,Eastern
791,350123,Fujian,1,350000,Eastern
792,350124,Fujian,1,350000,Eastern
793,350125,Fujian,1,350000,Eastern
794,350128,Fujian,1,350000,Eastern
795,350181,Fujian,1,350000,Eastern
796,350182,Fujian,1,350000,Eastern
797,350200,Fujian,1,350000,Eastern
798,350212,Fujian,1,350000,Eastern
799,350300,Fujian,1,350000,Eastern
800,350321,Fujian,1,350000,Eastern
801,350322,Fujian,1,350000,Eastern
802,350400,Fujian,1,350000,Eastern
803,350421,Fujian,1,350000,Eastern
804,350423,Fujian,1,350000,Eastern
805,350424,Fujian,1,350000,Eastern
806,350425,Fujian,1,350000,Eastern
807,350426,Fujian,1,350000,Eastern
808,350427,Fujian,1,350000,Eastern
809,350428,Fujian,1,350000,Eastern
810,350429,Fujian,1,350000,Eastern
811,350430,Fujian,1,350000,Eastern
812,350481,Fujian,1,350000,Eastern
813,350500,Fujian,1,350000,Eastern
814,350521,Fujian,1,350000,Eastern
815,350524,Fujian,1,350000,Eastern
816,350525,Fujian,1,350000,Eastern
817,350526,Fujian,1,350000,Eastern
818,350581,Fujian,1,350000,Eastern
819,350582,Fujian,1,350000,Eastern
820,350583,Fujian,1,350000,Eastern
821,350600,Fujian,1,350000,Eastern
822,350622,Fujian,1,350000,Eastern
823,350623,Fujian,1,350000,Eastern
824,350624,Fujian,1,350000,Eastern
825,350625,Fujian,1,350000,Eastern
826,350626,Fujian,1,350000,Eastern
827,350627,Fujian,1,350000,Eastern
828,350628,Fujian,1,350000,Eastern
829,350629,Fujian,1,350000,Eastern
830,350681,Fujian,1,350000,Eastern
831,350700,Fujian,1,350000,Eastern
832,350721,Fujian,1,350000,Eastern
833,350722,Fujian,1,350000,Eastern
834,350723,Fujian,1,350000,Eastern
835,350724,Fujian,1,350000,Eastern
836,350725,Fujian,1,350000,Eastern
837,350781,Fujian,1,350000,Eastern
838,350782,Fujian,1,350000,Eastern
839,350783,Fujian,1,350000,Eastern
840,350784,Fujian,1,350000,Eastern
841,350800,Fujian,1,350000,Eastern
842,350821,Fujian,1,350000,Eastern
843,350822,Fujian,1,350000,Eastern
844,350823,Fujian,1,350000,Eastern
845,350824,Fujian,1,350000,Eastern
846,350825,Fujian,1,350000,Eastern
847,350881,Fujian,1,350000,Eastern
848,350900,Fujian,1,350000,Eastern
849,350921,Fujian,1,350000,Eastern
850,350922,Fujian,1,350000,Eastern
851,350923,Fujian,1,350000,Eastern
852,350924,Fujian,1,350000,Eastern
853,350925,Fujian,1,350000,Eastern
854,350926,Fujian,1,350000,Eastern
855,350981,Fujian,1,350000,Eastern
856,350982,Fujian,1,350000,Eastern
857,360100,Jiangxi,1,360000,Central
858,360121,Jiangxi,1,360000,Central
859,360122,Jiangxi,1,360000,Central
860,360123,Jiangxi,1,360000,Central
861,360124,Jiangxi,1,360000,Central
862,360200,Jiangxi,1,360000,Central
863,360222,Jiangxi,1,360000,Central
864,360281,Jiangxi,1,360000,Central
865,360300,Jiangxi,1,360000,Central
866,360321,Jiangxi,1,360000,Central
867,360400,Jiangxi,1,360000,Central
868,360421,Jiangxi,1,360000,Central
869,360423,Jiangxi,1,360000,Central
870,360424,Jiangxi,1,360000,Central
871,360425,Jiangxi,1,360000,Central
872,360426,Jiangxi,1,360000,Central
873,360427,Jiangxi,1,360000,Central
874,360428,Jiangxi,1,360000,Central
875,360429,Jiangxi,1,360000,Central
876,360430,Jiangxi,1,360000,Central
877,360481,Jiangxi,1,360000,Central
878,360500,Jiangxi,1,360000,Central
879,360521,Jiangxi,1,360000,Central
880,360600,Jiangxi,1,360000,Central
881,360622,Jiangxi,1,360000,Central
882,360681,Jiangxi,1,360000,Central
883,360700,Jiangxi,1,360000,Central
884,360721,Jiangxi,1,360000,Central
885,360722,Jiangxi,1,360000,Central
886,360723,Jiangxi,1,360000,Central
887,360724,Jiangxi,1,360000,Central
888,360725,Jiangxi,1,360000,Central
889,360726,Jiangxi,1,360000,Central
890,360727,Jiangxi,1,360000,Central
891,360728,Jiangxi,1,360000,Central
892,360729,Jiangxi,1,360000,Central
893,360730,Jiangxi,1,360000,Central
894,360731,Jiangxi,1,360000,Central
895,360732,Jiangxi,1,360000,Central
896,360733,Jiangxi,1,360000,Central
897,360734,Jiangxi,1,360000,Central
898,360735,Jiangxi,1,360000,Central
899,360781,Jiangxi,1,360000,Central
900,360782,Jiangxi,1,360000,Central
901,360800,Jiangxi,1,360000,Central
902,360821,Jiangxi,1,360000,Central
903,360822,Jiangxi,1,360000,Central
904,360823,Jiangxi,1,360000,Central
905,360824,Jiangxi,1,360000,Central
906,360825,Jiangxi,1,360000,Central
907,360826,Jiangxi,1,360000,Central
908,360827,Jiangxi,1,360000,Central
909,360828,Jiangxi,1,360000,Central
910,360829,Jiangxi,1,360000,Central
911,360830,Jiangxi,1,360000,Central
912,360841,Jiangxi,1,360000,Central
913,360881,Jiangxi,1,360000,Central
914,360900,Jiangxi,1,360000,Central
915,360921,Jiangxi,1,360000,Central
916,360922,Jiangxi,1,360000,Central
917,360923,Jiangxi,1,360000,Central
918,360924,Jiangxi,1,360000,Central
919,360925,Jiangxi,1,360000,Central
920,360926,Jiangxi,1,360000,Central
921,360981,Jiangxi,1,360000,Central
922,360982,Jiangxi,1,360000,Central
923,360983,Jiangxi,1,360000,Central
924,361002,Jiangxi,1,360000,Central
925,361021,Jiangxi,1,360000,Central
926,361022,Jiangxi,1,360000,Central
927,361023,Jiangxi,1,360000,Central
928,361024,Jiangxi,1,360000,Central
929,361025,Jiangxi,1,360000,Central
930,361026,Jiangxi,1,360000,Central
931,361027,Jiangxi,1,360000,Central
932,361028,Jiangxi,1,360000,Central
933,361029,Jiangxi,1,360000,Central
934,361030,Jiangxi,1,360000,Central
935,361100,Jiangxi,1,360000,Central
936,361121,Jiangxi,1,360000,Central
937,361122,Jiangxi,1,360000,Central
938,361123,Jiangxi,1,360000,Central
939,361124,Jiangxi,1,360000,Central
940,361125,Jiangxi,1,360000,Central
941,361126,Jiangxi,1,360000,Central
942,361127,Jiangxi,1,360000,Central
943,361128,Jiangxi,1,360000,Central
944,361129,Jiangxi,1,360000,Central
945,361130,Jiangxi,1,360000,Central
946,361181,Jiangxi,1,360000,Central
947,370100,Shandong,1,370000,Eastern
948,370123,Shandong,1,370000,Eastern
949,370124,Shandong,1,370000,Eastern
950,370125,Shandong,1,370000,Eastern
951,370126,Shandong,1,370000,Eastern
952,370181,Shandong,1,370000,Eastern
953,370200,Shandong,1,370000,Eastern
954,370281,Shandong,1,370000,Eastern
955,370282,Shandong,1,370000,Eastern
956,370283,Shandong,1,370000,Eastern
957,370284,Shandong,1,370000,Eastern
958,370285,Shandong,1,370000,Eastern
959,370300,Shandong,1,370000,Eastern
960,370321,Shandong,1,370000,Eastern
961,370322,Shandong,1,370000,Eastern
962,370323,Shandong,1,370000,Eastern
963,370400,Shandong,1,370000,Eastern
964,370481,Shandong,1,370000,Eastern
965,370500,Shandong,1,370000,Eastern
966,370521,Shandong,1,370000,Eastern
967,370522,Shandong,1,370000,Eastern
968,370523,Shandong,1,370000,Eastern
969,370600,Shandong,1,370000,Eastern
970,370612,Shandong,1,370000,Eastern
971,370634,Shandong,1,370000,Eastern
972,370681,Shandong,1,370000,Eastern
973,370682,Shandong,1,370000,Eastern
974,370683,Shandong,1,370000,Eastern
975,370684,Shandong,1,370000,Eastern
976,370685,Shandong,1,370000,Eastern
977,370686,Shandong,1,370000,Eastern
978,370687,Shandong,1,370000,Eastern
979,370700,Shandong,1,370000,Eastern
980,370724,Shandong,1,370000,Eastern
981,370725,Shandong,1,370000,Eastern
982,370781,Shandong,1,370000,Eastern
983,370782,Shandong,1,370000,Eastern
984,370783,Shandong,1,370000,Eastern
985,370784,Shandong,1,370000,Eastern
986,370785,Shandong,1,370000,Eastern
987,370786,Shandong,1,370000,Eastern
988,370800,Shandong,1,370000,Eastern
989,370826,Shandong,1,370000,Eastern
990,370827,Shandong,1,370000,Eastern
991,370828,Shandong,1,370000,Eastern
992,370829,Shandong,1,370000,Eastern
993,370830,Shandong,1,370000,Eastern
994,370831,Shandong,1,370000,Eastern
995,370832,Shandong,1,370000,Eastern
996,370881,Shandong,1,370000,Eastern
997,370882,Shandong,1,370000,Eastern
998,370883,Shandong,1,370000,Eastern
999,370900,Shandong,1,370000,Eastern
1000,370921,Shandong,1,370000,Eastern
1001,370923,Shandong,1,370000,Eastern
1002,370982,Shandong,1,370000,Eastern
1003,370983,Shandong,1,370000,Eastern
1004,371000,Shandong,1,370000,Eastern
1005,371081,Shandong,1,370000,Eastern
1006,371082,Shandong,1,370000,Eastern
1007,371083,Shandong,1,370000,Eastern
1008,371100,Shandong,1,370000,Eastern
1009,371121,Shandong,1,370000,Eastern
1010,371122,Shandong,1,370000,Eastern
1011,371200,Shandong,1,370000,Eastern
1012,371300,Shandong,1,370000,Eastern
1013,371321,Shandong,1,370000,Eastern
1014,371322,Shandong,1,370000,Eastern
1015,371323,Shandong,1,370000,Eastern
1016,371324,Shandong,1,370000,Eastern
1017,371325,Shandong,1,370000,Eastern
1018,371326,Shandong,1,370000,Eastern
1019,371327,Shandong,1,370000,Eastern
1020,371328,Shandong,1,370000,Eastern
1021,371329,Shandong,1,370000,Eastern
1022,371400,Shandong,1,370000,Eastern
1023,371421,Shandong,1,370000,Eastern
1024,371422,Shandong,1,370000,Eastern
1025,371423,Shandong,1,370000,Eastern
1026,371424,Shandong,1,370000,Eastern
1027,371425,Shandong,1,370000,Eastern
1028,371426,Shandong,1,370000,Eastern
1029,371427,Shandong,1,370000,Eastern
1030,371428,Shandong,1,370000,Eastern
1031,371481,Shandong,1,370000,Eastern
1032,371482,Shandong,1,370000,Eastern
1033,371500,Shandong,1,370000,Eastern
1034,371521,Shandong,1,370000,Eastern
1035,371522,Shandong,1,370000,Eastern
1036,371523,Shandong,1,370000,Eastern
1037,371524,Shandong,1,370000,Eastern
1038,371525,Shandong,1,370000,Eastern
1039,371526,Shandong,1,370000,Eastern
1040,371581,Shandong,1,370000,Eastern
1041,371600,Shandong,1,370000,Eastern
1042,371621,Shandong,1,370000,Eastern
1043,371622,Shandong,1,370000,Eastern
1044,371623,Shandong,1,370000,Eastern
1045,371624,Shandong,1,370000,Eastern
1046,371625,Shandong,1,370000,Eastern
1047,371626,Shandong,1,370000,Eastern
1048,371700,Shandong,1,370000,Eastern
1049,371721,Shandong,1,370000,Eastern
1050,371722,Shandong,1,370000,Eastern
1051,371723,Shandong,1,370000,Eastern
1052,371724,Shandong,1,370000,Eastern
1053,371725,Shandong,1,370000,Eastern
1054,371726,Shandong,1,370000,Eastern
1055,371727,Shandong,1,370000,Eastern
1056,371728,Shandong,1,370000,Eastern
1057,410100,Henan,1,410000,Central
1058,410122,Henan,1,410000,Central
1059,410181,Henan,1,410000,Central
1060,410182,Henan,1,410000,Central
1061,410183,Henan,1,410000,Central
1062,410184,Henan,1,410000,Central
1063,410185,Henan,1,410000,Central
1064,410200,Henan,1,410000,Central
1065,410221,Henan,1,410000,Central
1066,410222,Henan,1,410000,Central
1067,410223,Henan,1,410000,Central
1068,410224,Henan,1,410000,Central
1069,410225,Henan,1,410000,Central
1070,410300,Henan,1,410000,Central
1071,410322,Henan,1,410000,Central
1072,410323,Henan,1,410000,Central
1073,410324,Henan,1,410000,Central
1074,410325,Henan,1,410000,Central
1075,410326,Henan,1,410000,Central
1076,410327,Henan,1,410000,Central
1077,410328,Henan,1,410000,Central
1078,410329,Henan,1,410000,Central
1079,410381,Henan,1,410000,Central
1080,410400,Henan,1,410000,Central
1081,410421,Henan,1,410000,Central
1082,410422,Henan,1,410000,Central
1083,410423,Henan,1,410000,Central
1084,410425,Henan,1,410000,Central
1085,410481,Henan,1,410000,Central
1086,410482,Henan,1,410000,Central
1087,410500,Henan,1,410000,Central
1088,410522,Henan,1,410000,Central
1089,410523,Henan,1,410000,Central
1090,410526,Henan,1,410000,Central
1091,410527,Henan,1,410000,Central
1092,410581,Henan,1,410000,Central
1093,410600,Henan,1,410000,Central
1094,410621,Henan,1,410000,Central
1095,410622,Henan,1,410000,Central
1096,410700,Henan,1,410000,Central
1097,410721,Henan,1,410000,Central
1098,410724,Henan,1,410000,Central
1099,410725,Henan,1,410000,Central
1100,410726,Henan,1,410000,Central
1101,410727,Henan,1,410000,Central
1102,410728,Henan,1,410000,Central
1103,410781,Henan,1,410000,Central
1104,410782,Henan,1,410000,Central
1105,410800,Henan,1,410000,Central
1106,410821,Henan,1,410000,Central
1107,410822,Henan,1,410000,Central
1108,410823,Henan,1,410000,Central
1109,410825,Henan,1,410000,Central
1110,410881,Henan,1,410000,Central
1111,410882,Henan,1,410000,Central
1112,410883,Henan,1,410000,Central
1113,410900,Henan,1,410000,Central
1114,410922,Henan,1,410000,Central
1115,410923,Henan,1,410000,Central
1116,410926,Henan,1,410000,Central
1117,410927,Henan,1,410000,Central
1118,410928,Henan,1,410000,Central
1119,411000,Henan,1,410000,Central
1120,411023,Henan,1,410000,Central
1121,411024,Henan,1,410000,Central
1122,411025,Henan,1,410000,Central
1123,411081,Henan,1,410000,Central
1124,411082,Henan,1,410000,Central
1125,411100,Henan,1,410000,Central
1126,411121,Henan,1,410000,Central
1127,411122,Henan,1,410000,Central
1128,411123,Henan,1,410000,Central
1129,411200,Henan,1,410000,Central
1130,411221,Henan,1,410000,Central
1131,411222,Henan,1,410000,Central
1132,411224,Henan,1,410000,Central
1133,411281,Henan,1,410000,Central
1134,411282,Henan,1,410000,Central
1135,411300,Henan,1,410000,Central
1136,411321,Henan,1,410000,Central
1137,411322,Henan,1,410000,Central
1138,411323,Henan,1,410000,Central
1139,411324,Henan,1,410000,Central
1140,411325,Henan,1,410000,Central
1141,411326,Henan,1,410000,Central
1142,411327,Henan,1,410000,Central
1143,411328,Henan,1,410000,Central
1144,411329,Henan,1,410000,Central
1145,411330,Henan,1,410000,Central
1146,411340,Henan,1,410000,Central
1147,411381,Henan,1,410000,Central
1148,411400,Henan,1,410000,Central
1149,411421,Henan,1,410000,Central
1150,411422,Henan,1,410000,Central
1151,411423,Henan,1,410000,Central
1152,411424,Henan,1,410000,Central
1153,411425,Henan,1,410000,Central
1154,411426,Henan,1,410000,Central
1155,411440,Henan,1,410000,Central
1156,411481,Henan,1,410000,Central
1157,411500,Henan,1,410000,Central
1158,411521,Henan,1,410000,Central
1159,411522,Henan,1,410000,Central
1160,411523,Henan,1,410000,Central
1161,411524,Henan,1,410000,Central
1162,411525,Henan,1,410000,Central
1163,411526,Henan,1,410000,Central
1164,411527,Henan,1,410000,Central
1165,411528,Henan,1,410000,Central
1166,411540,Henan,1,410000,Central
1167,411600,Henan,1,410000,Central
1168,411621,Henan,1,410000,Central
1169,411622,Henan,1,410000,Central
1170,411623,Henan,1,410000,Central
1171,411624,Henan,1,410000,Central
1172,411625,Henan,1,410000,Central
1173,411626,Henan,1,410000,Central
1174,411627,Henan,1,410000,Central
1175,411628,Henan,1,410000,Central
1176,411681,Henan,1,410000,Central
1177,411700,Henan,1,410000,Central
1178,411721,Henan,1,410000,Central
1179,411722,Henan,1,410000,Central
1180,411723,Henan,1,410000,Central
1181,411724,Henan,1,410000,Central
1182,411725,Henan,1,410000,Central
1183,411726,Henan,1,410000,Central
1184,411727,Henan,1,410000,Central
1185,411728,Henan,1,410000,Central
1186,411729,Henan,1,410000,Central
1187,420100,Hubei,1,420000,Central
1188,420105,Hubei,1,420000,Central
1189,420106,Hubei,1,420000,Central
1190,420116,Hubei,1,420000,Central
1191,420117,Hubei,1,420000,Central
1192,420200,Hubei,1,420000,Central
1193,420222,Hubei,1,420000,Central
1194,420281,Hubei,1,420000,Central
1195,420300,Hubei,1,420000,Central
1196,420321,Hubei,1,420000,Central
1197,420322,Hubei,1,420000,Central
1198,420323,Hubei,1,420000,Central
1199,420324,Hubei,1,420000,Central
1200,420325,Hubei,1,420000,Central
1201,420381,Hubei,1,420000,Central
1202,420500,Hubei,1,420000,Central
1203,420521,Hubei,1,420000,Central
1204,420525,Hubei,1,420000,Central
1205,420526,Hubei,1,420000,Central
1206,420527,Hubei,1,420000,Central
1207,420528,Hubei,1,420000,Central
1208,420529,Hubei,1,420000,Central
1209,420581,Hubei,1,420000,Central
1210,420582,Hubei,1,420000,Central
1211,420583,Hubei,1,420000,Central
1212,420600,Hubei,1,420000,Central
1213,420621,Hubei,1,420000,Central
1214,420624,Hubei,1,420000,Central
1215,420625,Hubei,1,420000,Central
1216,420626,Hubei,1,420000,Central
1217,420682,Hubei,1,420000,Central
1218,420683,Hubei,1,420000,Central
1219,420684,Hubei,1,420000,Central
1220,420700,Hubei,1,420000,Central
1221,420800,Hubei,1,420000,Central
1222,420821,Hubei,1,420000,Central
1223,420822,Hubei,1,420000,Central
1224,420881,Hubei,1,420000,Central
1225,420900,Hubei,1,420000,Central
1226,420922,Hubei,1,420000,Central
1227,420923,Hubei,1,420000,Central
1228,420981,Hubei,1,420000,Central
1229,420982,Hubei,1,420000,Central
1230,420984,Hubei,1,420000,Central
1231,421000,Hubei,1,420000,Central
1232,421022,Hubei,1,420000,Central
1233,421023,Hubei,1,420000,Central
1234,421024,Hubei,1,420000,Central
1235,421081,Hubei,1,420000,Central
1236,421083,Hubei,1,420000,Central
1237,421087,Hubei,1,420000,Central
1238,421100,Hubei,1,420000,Central
1239,421122,Hubei,1,420000,Central
1240,421123,Hubei,1,420000,Central
1241,421124,Hubei,1,420000,Central
1242,421125,Hubei,1,420000,Central
1243,421126,Hubei,1,420000,Central
1244,421127,Hubei,1,420000,Central
1245,421181,Hubei,1,420000,Central
1246,421182,Hubei,1,420000,Central
1247,421200,Hubei,1,420000,Central
1248,421221,Hubei,1,420000,Central
1249,421222,Hubei,1,420000,Central
1250,421223,Hubei,1,420000,Central
1251,421224,Hubei,1,420000,Central
1252,421281,Hubei,1,420000,Central
1253,421300,Hubei,1,420000,Central
1254,421381,Hubei,1,420000,Central
1255,422800,Hubei,1,420000,Central
1256,422802,Hubei,1,420000,Central
1257,422822,Hubei,1,420000,Central
1258,422823,Hubei,1,420000,Central
1259,422825,Hubei,1,420000,Central
1260,422826,Hubei,1,420000,Central
1261,422827,Hubei,1,420000,Central
1262,422828,Hubei,1,420000,Central
1263,429004,Hubei,1,420000,Central
1264,429005,Hubei,1,420000,Central
1265,429006,Hubei,1,420000,Central
1266,429021,Hubei,1,420000,Central
1267,430100,Hunan,1,430000,Central
1268,430121,Hunan,1,430000,Central
1269,430122,Hunan,1,430000,Central
1270,430124,Hunan,1,430000,Central
1271,430181,Hunan,1,430000,Central
1272,430200,Hunan,1,430000,Central
1273,430221,Hunan,1,430000,Central
1274,430223,Hunan,1,430000,Central
1275,430224,Hunan,1,430000,Central
1276,430225,Hunan,1,430000,Central
1277,430281,Hunan,1,430000,Central
1278,430300,Hunan,1,430000,Central
1279,430321,Hunan,1,430000,Central
1280,430381,Hunan,1,430000,Central
1281,430382,Hunan,1,430000,Central
1282,430400,Hunan,1,430000,Central
1283,430421,Hunan,1,430000,Central
1284,430422,Hunan,1,430000,Central
1285,430423,Hunan,1,430000,Central
1286,430424,Hunan,1,430000,Central
1287,430426,Hunan,1,430000,Central
1288,430481,Hunan,1,430000,Central
1289,430482,Hunan,1,430000,Central
1290,430500,Hunan,1,430000,Central
1291,430521,Hunan,1,430000,Central
1292,430522,Hunan,1,430000,Central
1293,430523,Hunan,1,430000,Central
1294,430524,Hunan,1,430000,Central
1295,430525,Hunan,1,430000,Central
1296,430527,Hunan,1,430000,Central
1297,430528,Hunan,1,430000,Central
1298,430529,Hunan,1,430000,Central
1299,430581,Hunan,1,430000,Central
1300,430600,Hunan,1,430000,Central
1301,430621,Hunan,1,430000,Central
1302,430623,Hunan,1,430000,Central
1303,430624,Hunan,1,430000,Central
1304,430626,Hunan,1,430000,Central
1305,430681,Hunan,1,430000,Central
1306,430682,Hunan,1,430000,Central
1307,430700,Hunan,1,430000,Central
1308,430721,Hunan,1,430000,Central
1309,430722,Hunan,1,430000,Central
1310,430723,Hunan,1,430000,Central
1311,430724,Hunan,1,430000,Central
1312,430725,Hunan,1,430000,Central
1313,430728,Hunan,1,430000,Central
1314,430781,Hunan,1,430000,Central
1315,430800,Hunan,1,430000,Central
1316,430821,Hunan,1,430000,Central
1317,430822,Hunan,1,430000,Central
1318,430900,Hunan,1,430000,Central
1319,430911,Hunan,1,430000,Central
1320,430921,Hunan,1,430000,Central
1321,430922,Hunan,1,430000,Central
1322,430923,Hunan,1,430000,Central
1323,430981,Hunan,1,430000,Central
1324,431000,Hunan,1,430000,Central
1325,431011,Hunan,1,430000,Central
1326,431021,Hunan,1,430000,Central
1327,431022,Hunan,1,430000,Central
1328,431023,Hunan,1,430000,Central
1329,431024,Hunan,1,430000,Central
1330,431025,Hunan,1,430000,Central
1331,431026,Hunan,1,430000,Central
1332,431027,Hunan,1,430000,Central
1333,431028,Hunan,1,430000,Central
1334,431081,Hunan,1,430000,Central
1335,431100,Hunan,1,430000,Central
1336,431103,Hunan,1,430000,Central
1337,431121,Hunan,1,430000,Central
1338,431122,Hunan,1,430000,Central
1339,431123,Hunan,1,430000,Central
1340,431124,Hunan,1,430000,Central
1341,431125,Hunan,1,430000,Central
1342,431126,Hunan,1,430000,Central
1343,431127,Hunan,1,430000,Central
1344,431128,Hunan,1,430000,Central
1345,431129,Hunan,1,430000,Central
1346,431200,Hunan,1,430000,Central
1347,431221,Hunan,1,430000,Central
1348,431222,Hunan,1,430000,Central
1349,431223,Hunan,1,430000,Central
1350,431224,Hunan,1,430000,Central
1351,431225,Hunan,1,430000,Central
1352,431226,Hunan,1,430000,Central
1353,431227,Hunan,1,430000,Central
1354,431228,Hunan,1,430000,Central
1355,431229,Hunan,1,430000,Central
1356,431230,Hunan,1,430000,Central
1357,431281,Hunan,1,430000,Central
1358,431300,Hunan,1,430000,Central
1359,431321,Hunan,1,430000,Central
1360,431322,Hunan,1,430000,Central
1361,431381,Hunan,1,430000,Central
1362,431382,Hunan,1,430000,Central
1363,433101,Hunan,1,430000,Central
1364,433122,Hunan,1,430000,Central
1365,433123,Hunan,1,430000,Central
1366,433124,Hunan,1,430000,Central
1367,433125,Hunan,1,430000,Central
1368,433126,Hunan,1,430000,Central
1369,433127,Hunan,1,430000,Central
1370,433130,Hunan,1,430000,Central
1371,440100,Guangdong,1,440000,Eastern
1372,440113,Guangdong,1,440000,Eastern
1373,440114,Guangdong,1,440000,Eastern
1374,440183,Guangdong,1,440000,Eastern
1375,440184,Guangdong,1,440000,Eastern
1376,440200,Guangdong,1,440000,Eastern
1377,440221,Guangdong,1,440000,Eastern
1378,440222,Guangdong,1,440000,Eastern
1379,440224,Guangdong,1,440000,Eastern
1380,440229,Guangdong,1,440000,Eastern
1381,440232,Guangdong,1,440000,Eastern
1382,440233,Guangdong,1,440000,Eastern
1383,440281,Guangdong,1,440000,Eastern
1384,440282,Guangdong,1,440000,Eastern
1385,440300,Guangdong,1,440000,Eastern
1386,440306,Guangdong,1,440000,Eastern
1387,440400,Guangdong,1,440000,Eastern
1388,440421,Guangdong,1,440000,Eastern
1389,440500,Guangdong,1,440000,Eastern
1390,440523,Guangdong,1,440000,Eastern
1391,440582,Guangdong,1,440000,Eastern
1392,440583,Guangdong,1,440000,Eastern
1393,440600,Guangdong,1,440000,Eastern
1394,440681,Guangdong,1,440000,Eastern
1395,440682,Guangdong,1,440000,Eastern
1396,440683,Guangdong,1,440000,Eastern
1397,440684,Guangdong,1,440000,Eastern
1398,440700,Guangdong,1,440000,Eastern
1399,440781,Guangdong,1,440000,Eastern
1400,440782,Guangdong,1,440000,Eastern
1401,440783,Guangdong,1,440000,Eastern
1402,440784,Guangdong,1,440000,Eastern
1403,440785,Guangdong,1,440000,Eastern
1404,440800,Guangdong,1,440000,Eastern
1405,440823,Guangdong,1,440000,Eastern
1406,440825,Guangdong,1,440000,Eastern
1407,440881,Guangdong,1,440000,Eastern
1408,440882,Guangdong,1,440000,Eastern
1409,440883,Guangdong,1,440000,Eastern
1410,440900,Guangdong,1,440000,Eastern
1411,440923,Guangdong,1,440000,Eastern
1412,440981,Guangdong,1,440000,Eastern
1413,440982,Guangdong,1,440000,Eastern
1414,440983,Guangdong,1,440000,Eastern
1415,441200,Guangdong,1,440000,Eastern
1416,441223,Guangdong,1,440000,Eastern
1417,441224,Guangdong,1,440000,Eastern
1418,441225,Guangdong,1,440000,Eastern
1419,441226,Guangdong,1,440000,Eastern
1420,441283,Guangdong,1,440000,Eastern
1421,441284,Guangdong,1,440000,Eastern
1422,441300,Guangdong,1,440000,Eastern
1423,441322,Guangdong,1,440000,Eastern
1424,441323,Guangdong,1,440000,Eastern
1425,441324,Guangdong,1,440000,Eastern
1426,441381,Guangdong,1,440000,Eastern
1427,441400,Guangdong,1,440000,Eastern
1428,441421,Guangdong,1,440000,Eastern
1429,441422,Guangdong,1,440000,Eastern
1430,441423,Guangdong,1,440000,Eastern
1431,441424,Guangdong,1,440000,Eastern
1432,441426,Guangdong,1,440000,Eastern
1433,441427,Guangdong,1,440000,Eastern
1434,441481,Guangdong,1,440000,Eastern
1435,441500,Guangdong,1,440000,Eastern
1436,441521,Guangdong,1,440000,Eastern
1437,441523,Guangdong,1,440000,Eastern
1438,441581,Guangdong,1,440000,Eastern
1439,441600,Guangdong,1,440000,Eastern
1440,441621,Guangdong,1,440000,Eastern
1441,441622,Guangdong,1,440000,Eastern
1442,441623,Guangdong,1,440000,Eastern
1443,441624,Guangdong,1,440000,Eastern
1444,441700,Guangdong,1,440000,Eastern
1445,441721,Guangdong,1,440000,Eastern
1446,441781,Guangdong,1,440000,Eastern
1447,441800,Guangdong,1,440000,Eastern
1448,441821,Guangdong,1,440000,Eastern
1449,441823,Guangdong,1,440000,Eastern
1450,441825,Guangdong,1,440000,Eastern
1451,441826,Guangdong,1,440000,Eastern
1452,441881,Guangdong,1,440000,Eastern
1453,441882,Guangdong,1,440000,Eastern
1454,441900,Guangdong,1,440000,Eastern
1455,442000,Guangdong,1,440000,Eastern
1456,445100,Guangdong,1,440000,Eastern
1457,445122,Guangdong,1,440000,Eastern
1458,445200,Guangdong,1,440000,Eastern
1459,445222,Guangdong,1,440000,Eastern
1460,445224,Guangdong,1,440000,Eastern
1461,445281,Guangdong,1,440000,Eastern
1462,445300,Guangdong,1,440000,Eastern
1463,445321,Guangdong,1,440000,Eastern
1464,445322,Guangdong,1,440000,Eastern
1465,445381,Guangdong,1,440000,Eastern
1466,450100,Guangxi,1,450000,Western
1467,450121,Guangxi,1,450000,Western
1468,450122,Guangxi,1,450000,Western
1469,450200,Guangxi,1,450000,Western
1470,450221,Guangxi,1,450000,Western
1471,450222,Guangxi,1,450000,Western
1472,450300,Guangxi,1,450000,Western
1473,450321,Guangxi,1,450000,Western
1474,450322,Guangxi,1,450000,Western
1475,450323,Guangxi,1,450000,Western
1476,450324,Guangxi,1,450000,Western
1477,450325,Guangxi,1,450000,Western
1478,450326,Guangxi,1,450000,Western
1479,450327,Guangxi,1,450000,Western
1480,450328,Guangxi,1,450000,Western
1481,450329,Guangxi,1,450000,Western
1482,450330,Guangxi,1,450000,Western
1483,450331,Guangxi,1,450000,Western
1484,450332,Guangxi,1,450000,Western
1485,450400,Guangxi,1,450000,Western
1486,450421,Guangxi,1,450000,Western
1487,450422,Guangxi,1,450000,Western
1488,450423,Guangxi,1,450000,Western
1489,450424,Guangxi,1,450000,Western
1490,450481,Guangxi,1,450000,Western
1491,450500,Guangxi,1,450000,Western
1492,450521,Guangxi,1,450000,Western
1493,450600,Guangxi,1,450000,Western
1494,450621,Guangxi,1,450000,Western
1495,450700,Guangxi,1,450000,Western
1496,450721,Guangxi,1,450000,Western
1497,450722,Guangxi,1,450000,Western
1498,450800,Guangxi,1,450000,Western
1499,450821,Guangxi,1,450000,Western
1500,450881,Guangxi,1,450000,Western
1501,450900,Guangxi,1,450000,Western
1502,450921,Guangxi,1,450000,Western
1503,450922,Guangxi,1,450000,Western
1504,450923,Guangxi,1,450000,Western
1505,450981,Guangxi,1,450000,Western
1506,452101,Guangxi,1,450000,Western
1507,452122,Guangxi,1,450000,Western
1508,452123,Guangxi,1,450000,Western
1509,452124,Guangxi,1,450000,Western
1510,452126,Guangxi,1,450000,Western
1511,452127,Guangxi,1,450000,Western
1512,452128,Guangxi,1,450000,Western
1513,452129,Guangxi,1,450000,Western
1514,452130,Guangxi,1,450000,Western
1515,452131,Guangxi,1,450000,Western
1516,452132,Guangxi,1,450000,Western
1517,452133,Guangxi,1,450000,Western
1518,452201,Guangxi,1,450000,Western
1519,452223,Guangxi,1,450000,Western
1520,452224,Guangxi,1,450000,Western
1521,452225,Guangxi,1,450000,Western
1522,452226,Guangxi,1,450000,Western
1523,452227,Guangxi,1,450000,Western
1524,452228,Guangxi,1,450000,Western
1525,452229,Guangxi,1,450000,Western
1526,452230,Guangxi,1,450000,Western
1527,452231,Guangxi,1,450000,Western
1528,452402,Guangxi,1,450000,Western
1529,452427,Guangxi,1,450000,Western
1530,452428,Guangxi,1,450000,Western
1531,452601,Guangxi,1,450000,Western
1532,452622,Guangxi,1,450000,Western
1533,452623,Guangxi,1,450000,Western
1534,452624,Guangxi,1,450000,Western
1535,452625,Guangxi,1,450000,Western
1536,452626,Guangxi,1,450000,Western
1537,452627,Guangxi,1,450000,Western
1538,452628,Guangxi,1,450000,Western
1539,452629,Guangxi,1,450000,Western
1540,452630,Guangxi,1,450000,Western
1541,452631,Guangxi,1,450000,Western
1542,452632,Guangxi,1,450000,Western
1543,452701,Guangxi,1,450000,Western
1544,452702,Guangxi,1,450000,Western
1545,452703,Guangxi,1,450000,Western
1546,452724,Guangxi,1,450000,Western
1547,452725,Guangxi,1,450000,Western
1548,452726,Guangxi,1,450000,Western
1549,452727,Guangxi,1,450000,Western
1550,452728,Guangxi,1,450000,Western
1551,452729,Guangxi,1,450000,Western
1552,452730,Guangxi,1,450000,Western
1553,452731,Guangxi,1,450000,Western
1554,460100,Hainan,1,460000,Eastern
1555,460200,Hainan,1,460000,Eastern
1556,469001,Hainan,1,460000,Eastern
1557,469002,Hainan,1,460000,Eastern
1558,469003,Hainan,1,460000,Eastern
1559,469004,Hainan,1,460000,Eastern
1560,469005,Hainan,1,460000,Eastern
1561,469006,Hainan,1,460000,Eastern
1562,469007,Hainan,1,460000,Eastern
1563,469025,Hainan,1,460000,Eastern
1564,469026,Hainan,1,460000,Eastern
1565,469027,Hainan,1,460000,Eastern
1566,469028,Hainan,1,460000,Eastern
1567,469030,Hainan,1,460000,Eastern
1568,469031,Hainan,1,460000,Eastern
1569,469033,Hainan,1,460000,Eastern
1570,469034,Hainan,1,460000,Eastern
1571,469035,Hainan,1,460000,Eastern
1572,469036,Hainan,1,460000,Eastern
1573,510100,Sichuan_Chongqing,1,510000,Western
1574,510121,Sichuan_Chongqing,1,510000,Western
1575,510122,Sichuan_Chongqing,1,510000,Western
1576,510123,Sichuan_Chongqing,1,510000,Western
1577,510124,Sichuan_Chongqing,1,510000,Western
1578,510125,Sichuan_Chongqing,1,510000,Western
1579,510129,Sichuan_Chongqing,1,510000,Western
1580,510131,Sichuan_Chongqing,1,510000,Western
1581,510132,Sichuan_Chongqing,1,510000,Western
1582,510181,Sichuan_Chongqing,1,510000,Western
1583,510182,Sichuan_Chongqing,1,510000,Western
1584,510183,Sichuan_Chongqing,1,510000,Western
1585,510184,Sichuan_Chongqing,1,510000,Western
1586,510200,Sichuan_Chongqing,1,510000,Western
1587,510221,Sichuan_Chongqing,1,510000,Western
1588,510222,Sichuan_Chongqing,1,510000,Western
1589,510223,Sichuan_Chongqing,1,510000,Western
1590,510224,Sichuan_Chongqing,1,510000,Western
1591,510225,Sichuan_Chongqing,1,510000,Western
1592,510226,Sichuan_Chongqing,1,510000,Western
1593,510227,Sichuan_Chongqing,1,510000,Western
1594,510228,Sichuan_Chongqing,1,510000,Western
1595,510229,Sichuan_Chongqing,1,510000,Western
1596,510230,Sichuan_Chongqing,1,510000,Western
1597,510231,Sichuan_Chongqing,1,510000,Western
1598,510232,Sichuan_Chongqing,1,510000,Western
1599,510300,Sichuan_Chongqing,1,510000,Western
1600,510321,Sichuan_Chongqing,1,510000,Western
1601,510322,Sichuan_Chongqing,1,510000,Western
1602,510400,Sichuan_Chongqing,1,510000,Western
1603,510421,Sichuan_Chongqing,1,510000,Western
1604,510422,Sichuan_Chongqing,1,510000,Western
1605,510500,Sichuan_Chongqing,1,510000,Western
1606,510503,Sichuan_Chongqing,1,510000,Western
1607,510521,Sichuan_Chongqing,1,510000,Western
1608,510522,Sichuan_Chongqing,1,510000,Western
1609,510524,Sichuan_Chongqing,1,510000,Western
1610,510525,Sichuan_Chongqing,1,510000,Western
1611,510600,Sichuan_Chongqing,1,510000,Western
1612,510623,Sichuan_Chongqing,1,510000,Western
1613,510681,Sichuan_Chongqing,1,510000,Western
1614,510682,Sichuan_Chongqing,1,510000,Western
1615,510683,Sichuan_Chongqing,1,510000,Western
1616,510700,Sichuan_Chongqing,1,510000,Western
1617,510722,Sichuan_Chongqing,1,510000,Western
1618,510723,Sichuan_Chongqing,1,510000,Western
1619,510724,Sichuan_Chongqing,1,510000,Western
1620,510725,Sichuan_Chongqing,1,510000,Western
1621,510726,Sichuan_Chongqing,1,510000,Western
1622,510727,Sichuan_Chongqing,1,510000,Western
1623,510781,Sichuan_Chongqing,1,510000,Western
1624,510800,Sichuan_Chongqing,1,510000,Western
1625,510821,Sichuan_Chongqing,1,510000,Western
1626,510822,Sichuan_Chongqing,1,510000,Western
1627,510823,Sichuan_Chongqing,1,510000,Western
1628,510824,Sichuan_Chongqing,1,510000,Western
1629,510900,Sichuan_Chongqing,1,510000,Western
1630,510921,Sichuan_Chongqing,1,510000,Western
1631,510922,Sichuan_Chongqing,1,510000,Western
1632,511000,Sichuan_Chongqing,1,510000,Western
1633,511022,Sichuan_Chongqing,1,510000,Western
1634,511023,Sichuan_Chongqing,1,510000,Western
1635,511024,Sichuan_Chongqing,1,510000,Western
1636,511025,Sichuan_Chongqing,1,510000,Western
1637,511026,Sichuan_Chongqing,1,510000,Western
1638,511027,Sichuan_Chongqing,1,510000,Western
1639,511028,Sichuan_Chongqing,1,510000,Western
1640,511100,Sichuan_Chongqing,1,510000,Western
1641,511121,Sichuan_Chongqing,1,510000,Western
1642,511122,Sichuan_Chongqing,1,510000,Western
1643,511123,Sichuan_Chongqing,1,510000,Western
1644,511124,Sichuan_Chongqing,1,510000,Western
1645,511126,Sichuan_Chongqing,1,510000,Western
1646,511127,Sichuan_Chongqing,1,510000,Western
1647,511128,Sichuan_Chongqing,1,510000,Western
1648,511129,Sichuan_Chongqing,1,510000,Western
1649,511130,Sichuan_Chongqing,1,510000,Western
1650,511131,Sichuan_Chongqing,1,510000,Western
1651,511132,Sichuan_Chongqing,1,510000,Western
1652,511133,Sichuan_Chongqing,1,510000,Western
1653,511181,Sichuan_Chongqing,1,510000,Western
1654,511300,Sichuan_Chongqing,1,510000,Western
1655,511321,Sichuan_Chongqing,1,510000,Western
1656,511322,Sichuan_Chongqing,1,510000,Western
1657,511323,Sichuan_Chongqing,1,510000,Western
1658,511324,Sichuan_Chongqing,1,510000,Western
1659,511325,Sichuan_Chongqing,1,510000,Western
1660,511381,Sichuan_Chongqing,1,510000,Western
1661,511500,Sichuan_Chongqing,1,510000,Western
1662,511521,Sichuan_Chongqing,1,510000,Western
1663,511522,Sichuan_Chongqing,1,510000,Western
1664,511523,Sichuan_Chongqing,1,510000,Western
1665,511524,Sichuan_Chongqing,1,510000,Western
1666,511525,Sichuan_Chongqing,1,510000,Western
1667,511526,Sichuan_Chongqing,1,510000,Western
1668,511527,Sichuan_Chongqing,1,510000,Western
1669,511528,Sichuan_Chongqing,1,510000,Western
1670,511529,Sichuan_Chongqing,1,510000,Western
1671,511600,Sichuan_Chongqing,1,510000,Western
1672,511621,Sichuan_Chongqing,1,510000,Western
1673,511622,Sichuan_Chongqing,1,510000,Western
1674,511623,Sichuan_Chongqing,1,510000,Western
1675,511681,Sichuan_Chongqing,1,510000,Western
1676,511700,Sichuan_Chongqing,1,510000,Western
1677,511721,Sichuan_Chongqing,1,510000,Western
1678,511722,Sichuan_Chongqing,1,510000,Western
1679,511723,Sichuan_Chongqing,1,510000,Western
1680,511724,Sichuan_Chongqing,1,510000,Western
1681,511725,Sichuan_Chongqing,1,510000,Western
1682,511781,Sichuan_Chongqing,1,510000,Western
1683,511800,Sichuan_Chongqing,1,510000,Western
1684,511821,Sichuan_Chongqing,1,510000,Western
1685,511822,Sichuan_Chongqing,1,510000,Western
1686,511823,Sichuan_Chongqing,1,510000,Western
1687,511824,Sichuan_Chongqing,1,510000,Western
1688,511825,Sichuan_Chongqing,1,510000,Western
1689,511826,Sichuan_Chongqing,1,510000,Western
1690,511827,Sichuan_Chongqing,1,510000,Western
1691,511900,Sichuan_Chongqing,1,510000,Western
1692,511921,Sichuan_Chongqing,1,510000,Western
1693,511922,Sichuan_Chongqing,1,510000,Western
1694,511923,Sichuan_Chongqing,1,510000,Western
1695,512201,Sichuan_Chongqing,1,510000,Western
1696,512221,Sichuan_Chongqing,1,510000,Western
1697,512222,Sichuan_Chongqing,1,510000,Western
1698,512223,Sichuan_Chongqing,1,510000,Western
1699,512224,Sichuan_Chongqing,1,510000,Western
1700,512225,Sichuan_Chongqing,1,510000,Western
1701,512226,Sichuan_Chongqing,1,510000,Western
1702,512227,Sichuan_Chongqing,1,510000,Western
1703,512228,Sichuan_Chongqing,1,510000,Western
1704,512229,Sichuan_Chongqing,1,510000,Western
1705,512301,Sichuan_Chongqing,1,510000,Western
1706,512322,Sichuan_Chongqing,1,510000,Western
1707,512323,Sichuan_Chongqing,1,510000,Western
1708,512324,Sichuan_Chongqing,1,510000,Western
1709,512325,Sichuan_Chongqing,1,510000,Western
1710,512326,Sichuan_Chongqing,1,510000,Western
1711,512327,Sichuan_Chongqing,1,510000,Western
1712,512328,Sichuan_Chongqing,1,510000,Western
1713,512329,Sichuan_Chongqing,1,510000,Western
1714,512330,Sichuan_Chongqing,1,510000,Western
1715,512921,Sichuan_Chongqing,1,510000,Western
1716,513023,Sichuan_Chongqing,1,510000,Western
1717,513221,Sichuan_Chongqing,1,510000,Western
1718,513222,Sichuan_Chongqing,1,510000,Western
1719,513223,Sichuan_Chongqing,1,510000,Western
1720,513224,Sichuan_Chongqing,1,510000,Western
1721,513225,Sichuan_Chongqing,1,510000,Western
1722,513226,Sichuan_Chongqing,1,510000,Western
1723,513227,Sichuan_Chongqing,1,510000,Western
1724,513228,Sichuan_Chongqing,1,510000,Western
1725,513229,Sichuan_Chongqing,1,510000,Western
1726,513230,Sichuan_Chongqing,1,510000,Western
1727,513231,Sichuan_Chongqing,1,510000,Western
1728,513232,Sichuan_Chongqing,1,510000,Western
1729,513233,Sichuan_Chongqing,1,510000,Western
1730,513321,Sichuan_Chongqing,1,510000,Western
1731,513322,Sichuan_Chongqing,1,510000,Western
1732,513323,Sichuan_Chongqing,1,510000,Western
1733,513324,Sichuan_Chongqing,1,510000,Western
1734,513325,Sichuan_Chongqing,1,510000,Western
1735,513326,Sichuan_Chongqing,1,510000,Western
1736,513327,Sichuan_Chongqing,1,510000,Western
1737,513328,Sichuan_Chongqing,1,510000,Western
1738,513329,Sichuan_Chongqing,1,510000,Western
1739,513330,Sichuan_Chongqing,1,510000,Western
1740,513331,Sichuan_Chongqing,1,510000,Western
1741,513332,Sichuan_Chongqing,1,510000,Western
1742,513333,Sichuan_Chongqing,1,510000,Western
1743,513334,Sichuan_Chongqing,1,510000,Western
1744,513335,Sichuan_Chongqing,1,510000,Western
1745,513336,Sichuan_Chongqing,1,510000,Western
1746,513337,Sichuan_Chongqing,1,510000,Western
1747,513338,Sichuan_Chongqing,1,510000,Western
1748,513401,Sichuan_Chongqing,1,510000,Western
1749,513421,Sichuan_Chongqing,1,510000,Western
1750,513422,Sichuan_Chongqing,1,510000,Western
1751,513423,Sichuan_Chongqing,1,510000,Western
1752,513424,Sichuan_Chongqing,1,510000,Western
1753,513425,Sichuan_Chongqing,1,510000,Western
1754,513426,Sichuan_Chongqing,1,510000,Western
1755,513427,Sichuan_Chongqing,1,510000,Western
1756,513428,Sichuan_Chongqing,1,510000,Western
1757,513429,Sichuan_Chongqing,1,510000,Western
1758,513430,Sichuan_Chongqing,1,510000,Western
1759,513432,Sichuan_Chongqing,1,510000,Western
1760,513433,Sichuan_Chongqing,1,510000,Western
1761,513434,Sichuan_Chongqing,1,510000,Western
1762,513435,Sichuan_Chongqing,1,510000,Western
1763,513436,Sichuan_Chongqing,1,510000,Western
1764,513437,Sichuan_Chongqing,1,510000,Western
1765,520100,Guizhou,1,520000,Western
1766,520200,Guizhou,1,520000,Western
1767,520202,Guizhou,1,520000,Western
1768,520203,Guizhou,1,520000,Western
1769,520221,Guizhou,1,520000,Western
1770,520300,Guizhou,1,520000,Western
1771,520321,Guizhou,1,520000,Western
1772,520322,Guizhou,1,520000,Western
1773,520323,Guizhou,1,520000,Western
1774,520324,Guizhou,1,520000,Western
1775,520325,Guizhou,1,520000,Western
1776,520326,Guizhou,1,520000,Western
1777,520327,Guizhou,1,520000,Western
1778,520328,Guizhou,1,520000,Western
1779,520329,Guizhou,1,520000,Western
1780,520330,Guizhou,1,520000,Western
1781,520381,Guizhou,1,520000,Western
1782,520382,Guizhou,1,520000,Western
1783,520400,Guizhou,1,520000,Western
1784,520421,Guizhou,1,520000,Western
1785,520422,Guizhou,1,520000,Western
1786,520423,Guizhou,1,520000,Western
1787,520424,Guizhou,1,520000,Western
1788,520425,Guizhou,1,520000,Western
1789,522201,Guizhou,1,520000,Western
1790,522222,Guizhou,1,520000,Western
1791,522223,Guizhou,1,520000,Western
1792,522224,Guizhou,1,520000,Western
1793,522225,Guizhou,1,520000,Western
1794,522226,Guizhou,1,520000,Western
1795,522227,Guizhou,1,520000,Western
1796,522228,Guizhou,1,520000,Western
1797,522229,Guizhou,1,520000,Western
1798,522230,Guizhou,1,520000,Western
1799,522301,Guizhou,1,520000,Western
1800,522322,Guizhou,1,520000,Western
1801,522323,Guizhou,1,520000,Western
1802,522324,Guizhou,1,520000,Western
1803,522325,Guizhou,1,520000,Western
1804,522326,Guizhou,1,520000,Western
1805,522327,Guizhou,1,520000,Western
1806,522328,Guizhou,1,520000,Western
1807,522401,Guizhou,1,520000,Western
1808,522422,Guizhou,1,520000,Western
1809,522423,Guizhou,1,520000,Western
1810,522424,Guizhou,1,520000,Western
1811,522425,Guizhou,1,520000,Western
1812,522426,Guizhou,1,520000,Western
1813,522427,Guizhou,1,520000,Western
1814,522428,Guizhou,1,520000,Western
1815,522522,Guizhou,1,520000,Western
1816,522523,Guizhou,1,520000,Western
1817,522524,Guizhou,1,520000,Western
1818,522525,Guizhou,1,520000,Western
1819,522601,Guizhou,1,520000,Western
1820,522622,Guizhou,1,520000,Western
1821,522623,Guizhou,1,520000,Western
1822,522624,Guizhou,1,520000,Western
1823,522625,Guizhou,1,520000,Western
1824,522626,Guizhou,1,520000,Western
1825,522627,Guizhou,1,520000,Western
1826,522628,Guizhou,1,520000,Western
1827,522629,Guizhou,1,520000,Western
1828,522630,Guizhou,1,520000,Western
1829,522631,Guizhou,1,520000,Western
1830,522632,Guizhou,1,520000,Western
1831,522633,Guizhou,1,520000,Western
1832,522634,Guizhou,1,520000,Western
1833,522635,Guizhou,1,520000,Western
1834,522636,Guizhou,1,520000,Western
1835,522701,Guizhou,1,520000,Western
1836,522702,Guizhou,1,520000,Western
1837,522722,Guizhou,1,520000,Western
1838,522723,Guizhou,1,520000,Western
1839,522725,Guizhou,1,520000,Western
1840,522726,Guizhou,1,520000,Western
1841,522727,Guizhou,1,520000,Western
1842,522728,Guizhou,1,520000,Western
1843,522729,Guizhou,1,520000,Western
1844,522730,Guizhou,1,520000,Western
1845,522731,Guizhou,1,520000,Western
1846,522732,Guizhou,1,520000,Western
1847,530100,Yunnan,1,530000,Western
1848,530121,Yunnan,1,530000,Western
1849,530122,Yunnan,1,530000,Western
1850,530124,Yunnan,1,530000,Western
1851,530126,Yunnan,1,530000,Western
1852,530127,Yunnan,1,530000,Western
1853,530128,Yunnan,1,530000,Western
1854,530181,Yunnan,1,530000,Western
1855,530200,Yunnan,1,530000,Western
1856,530300,Yunnan,1,530000,Western
1857,530321,Yunnan,1,530000,Western
1858,530322,Yunnan,1,530000,Western
1859,530323,Yunnan,1,530000,Western
1860,530324,Yunnan,1,530000,Western
1861,530325,Yunnan,1,530000,Western
1862,530326,Yunnan,1,530000,Western
1863,530381,Yunnan,1,530000,Western
1864,530400,Yunnan,1,530000,Western
1865,530421,Yunnan,1,530000,Western
1866,530422,Yunnan,1,530000,Western
1867,530423,Yunnan,1,530000,Western
1868,530424,Yunnan,1,530000,Western
1869,530425,Yunnan,1,530000,Western
1870,530426,Yunnan,1,530000,Western
1871,530427,Yunnan,1,530000,Western
1872,530428,Yunnan,1,530000,Western
1873,532101,Yunnan,1,530000,Western
1874,532122,Yunnan,1,530000,Western
1875,532123,Yunnan,1,530000,Western
1876,532124,Yunnan,1,530000,Western
1877,532125,Yunnan,1,530000,Western
1878,532126,Yunnan,1,530000,Western
1879,532127,Yunnan,1,530000,Western
1880,532128,Yunnan,1,530000,Western
1881,532129,Yunnan,1,530000,Western
1882,532130,Yunnan,1,530000,Western
1883,532131,Yunnan,1,530000,Western
1884,532229,Yunnan,1,530000,Western
1885,532231,Yunnan,1,530000,Western
1886,532301,Yunnan,1,530000,Western
1887,532322,Yunnan,1,530000,Western
1888,532323,Yunnan,1,530000,Western
1889,532324,Yunnan,1,530000,Western
1890,532325,Yunnan,1,530000,Western
1891,532326,Yunnan,1,530000,Western
1892,532327,Yunnan,1,530000,Western
1893,532328,Yunnan,1,530000,Western
1894,532329,Yunnan,1,530000,Western
1895,532331,Yunnan,1,530000,Western
1896,532501,Yunnan,1,530000,Western
1897,532502,Yunnan,1,530000,Western
1898,532522,Yunnan,1,530000,Western
1899,532523,Yunnan,1,530000,Western
1900,532524,Yunnan,1,530000,Western
1901,532525,Yunnan,1,530000,Western
1902,532526,Yunnan,1,530000,Western
1903,532527,Yunnan,1,530000,Western
1904,532528,Yunnan,1,530000,Western
1905,532529,Yunnan,1,530000,Western
1906,532530,Yunnan,1,530000,Western
1907,532531,Yunnan,1,530000,Western
1908,532532,Yunnan,1,530000,Western
1909,532621,Yunnan,1,530000,Western
1910,532622,Yunnan,1,530000,Western
1911,532623,Yunnan,1,530000,Western
1912,532624,Yunnan,1,530000,Western
1913,532625,Yunnan,1,530000,Western
1914,532626,Yunnan,1,530000,Western
1915,532627,Yunnan,1,530000,Western
1916,532628,Yunnan,1,530000,Western
1917,532701,Yunnan,1,530000,Western
1918,532722,Yunnan,1,530000,Western
1919,532723,Yunnan,1,530000,Western
1920,532724,Yunnan,1,530000,Western
1921,532725,Yunnan,1,530000,Western
1922,532726,Yunnan,1,530000,Western
1923,532727,Yunnan,1,530000,Western
1924,532728,Yunnan,1,530000,Western
1925,532729,Yunnan,1,530000,Western
1926,532730,Yunnan,1,530000,Western
1927,532801,Yunnan,1,530000,Western
1928,532822,Yunnan,1,530000,Western
1929,532823,Yunnan,1,530000,Western
1930,532901,Yunnan,1,530000,Western
1931,532922,Yunnan,1,530000,Western
1932,532923,Yunnan,1,530000,Western
1933,532924,Yunnan,1,530000,Western
1934,532925,Yunnan,1,530000,Western
1935,532926,Yunnan,1,530000,Western
1936,532927,Yunnan,1,530000,Western
1937,532928,Yunnan,1,530000,Western
1938,532929,Yunnan,1,530000,Western
1939,532930,Yunnan,1,530000,Western
1940,532931,Yunnan,1,530000,Western
1941,532932,Yunnan,1,530000,Western
1942,533001,Yunnan,1,530000,Western
1943,533022,Yunnan,1,530000,Western
1944,533023,Yunnan,1,530000,Western
1945,533024,Yunnan,1,530000,Western
1946,533025,Yunnan,1,530000,Western
1947,533101,Yunnan,1,530000,Western
1948,533102,Yunnan,1,530000,Western
1949,533103,Yunnan,1,530000,Western
1950,533122,Yunnan,1,530000,Western
1951,533123,Yunnan,1,530000,Western
1952,533124,Yunnan,1,530000,Western
1953,533221,Yunnan,1,530000,Western
1954,533222,Yunnan,1,530000,Western
1955,533223,Yunnan,1,530000,Western
1956,533224,Yunnan,1,530000,Western
1957,533321,Yunnan,1,530000,Western
1958,533323,Yunnan,1,530000,Western
1959,533324,Yunnan,1,530000,Western
1960,533325,Yunnan,1,530000,Western
1961,533421,Yunnan,1,530000,Western
1962,533422,Yunnan,1,530000,Western
1963,533423,Yunnan,1,530000,Western
1964,533521,Yunnan,1,530000,Western
1965,533522,Yunnan,1,530000,Western
1966,533523,Yunnan,1,530000,Western
1967,533524,Yunnan,1,530000,Western
1968,533525,Yunnan,1,530000,Western
1969,533526,Yunnan,1,530000,Western
1970,533527,Yunnan,1,530000,Western
1971,533528,Yunnan,1,530000,Western
1972,540100,Xizang,1,NA,Western
1973,540121,Xizang,1,NA,Western
1974,540122,Xizang,1,NA,Western
1975,540123,Xizang,1,NA,Western
1976,540124,Xizang,1,NA,Western
1977,540125,Xizang,1,NA,Western
1978,540126,Xizang,1,NA,Western
1979,540127,Xizang,1,NA,Western
1980,542121,Xizang,1,NA,Western
1981,542122,Xizang,1,NA,Western
1982,542123,Xizang,1,NA,Western
1983,542124,Xizang,1,NA,Western
1984,542125,Xizang,1,NA,Western
1985,542126,Xizang,1,NA,Western
1986,542127,Xizang,1,NA,Western
1987,542128,Xizang,1,NA,Western
1988,542129,Xizang,1,NA,Western
1989,542132,Xizang,1,NA,Western
1990,542133,Xizang,1,NA,Western
1991,542221,Xizang,1,NA,Western
1992,542222,Xizang,1,NA,Western
1993,542223,Xizang,1,NA,Western
1994,542224,Xizang,1,NA,Western
1995,542225,Xizang,1,NA,Western
1996,542226,Xizang,1,NA,Western
1997,542227,Xizang,1,NA,Western
1998,542228,Xizang,1,NA,Western
1999,542229,Xizang,1,NA,Western
2000,542231,Xizang,1,NA,Western
2001,542232,Xizang,1,NA,Western
2002,542233,Xizang,1,NA,Western
2003,542301,Xizang,1,NA,Western
2004,542322,Xizang,1,NA,Western
2005,542323,Xizang,1,NA,Western
2006,542324,Xizang,1,NA,Western
2007,542325,Xizang,1,NA,Western
2008,542326,Xizang,1,NA,Western
2009,542327,Xizang,1,NA,Western
2010,542328,Xizang,1,NA,Western
2011,542329,Xizang,1,NA,Western
2012,542330,Xizang,1,NA,Western
2013,542331,Xizang,1,NA,Western
2014,542332,Xizang,1,NA,Western
2015,542333,Xizang,1,NA,Western
2016,542334,Xizang,1,NA,Western
2017,542335,Xizang,1,NA,Western
2018,542336,Xizang,1,NA,Western
2019,542337,Xizang,1,NA,Western
2020,542338,Xizang,1,NA,Western
2021,542421,Xizang,1,NA,Western
2022,542422,Xizang,1,NA,Western
2023,542423,Xizang,1,NA,Western
2024,542424,Xizang,1,NA,Western
2025,542425,Xizang,1,NA,Western
2026,542426,Xizang,1,NA,Western
2027,542427,Xizang,1,NA,Western
2028,542428,Xizang,1,NA,Western
2029,542429,Xizang,1,NA,Western
2030,542430,Xizang,1,NA,Western
2031,542521,Xizang,1,NA,Western
2032,542522,Xizang,1,NA,Western
2033,542523,Xizang,1,NA,Western
2034,542524,Xizang,1,NA,Western
2035,542525,Xizang,1,NA,Western
2036,542526,Xizang,1,NA,Western
2037,542527,Xizang,1,NA,Western
2038,542621,Xizang,1,NA,Western
2039,542622,Xizang,1,NA,Western
2040,542623,Xizang,1,NA,Western
2041,542624,Xizang,1,NA,Western
2042,542625,Xizang,1,NA,Western
2043,542626,Xizang,1,NA,Western
2044,542627,Xizang,1,NA,Western
2045,610100,Shaanxi,1,610000,Western
2046,610121,Shaanxi,1,610000,Western
2047,610122,Shaanxi,1,610000,Western
2048,610123,Shaanxi,1,610000,Western
2049,610124,Shaanxi,1,610000,Western
2050,610125,Shaanxi,1,610000,Western
2051,610126,Shaanxi,1,610000,Western
2052,610200,Shaanxi,1,610000,Western
2053,610221,Shaanxi,1,610000,Western
2054,610222,Shaanxi,1,610000,Western
2055,610300,Shaanxi,1,610000,Western
2056,610321,Shaanxi,1,610000,Western
2057,610322,Shaanxi,1,610000,Western
2058,610323,Shaanxi,1,610000,Western
2059,610324,Shaanxi,1,610000,Western
2060,610326,Shaanxi,1,610000,Western
2061,610327,Shaanxi,1,610000,Western
2062,610328,Shaanxi,1,610000,Western
2063,610329,Shaanxi,1,610000,Western
2064,610330,Shaanxi,1,610000,Western
2065,610331,Shaanxi,1,610000,Western
2066,610400,Shaanxi,1,610000,Western
2067,610422,Shaanxi,1,610000,Western
2068,610423,Shaanxi,1,610000,Western
2069,610424,Shaanxi,1,610000,Western
2070,610425,Shaanxi,1,610000,Western
2071,610426,Shaanxi,1,610000,Western
2072,610427,Shaanxi,1,610000,Western
2073,610428,Shaanxi,1,610000,Western
2074,610429,Shaanxi,1,610000,Western
2075,610430,Shaanxi,1,610000,Western
2076,610431,Shaanxi,1,610000,Western
2077,610481,Shaanxi,1,610000,Western
2078,610500,Shaanxi,1,610000,Western
2079,610521,Shaanxi,1,610000,Western
2080,610522,Shaanxi,1,610000,Western
2081,610523,Shaanxi,1,610000,Western
2082,610524,Shaanxi,1,610000,Western
2083,610525,Shaanxi,1,610000,Western
2084,610526,Shaanxi,1,610000,Western
2085,610527,Shaanxi,1,610000,Western
2086,610528,Shaanxi,1,610000,Western
2087,610581,Shaanxi,1,610000,Western
2088,610582,Shaanxi,1,610000,Western
2089,610600,Shaanxi,1,610000,Western
2090,610621,Shaanxi,1,610000,Western
2091,610622,Shaanxi,1,610000,Western
2092,610623,Shaanxi,1,610000,Western
2093,610624,Shaanxi,1,610000,Western
2094,610625,Shaanxi,1,610000,Western
2095,610626,Shaanxi,1,610000,Western
2096,610627,Shaanxi,1,610000,Western
2097,610628,Shaanxi,1,610000,Western
2098,610629,Shaanxi,1,610000,Western
2099,610630,Shaanxi,1,610000,Western
2100,610631,Shaanxi,1,610000,Western
2101,610632,Shaanxi,1,610000,Western
2102,610700,Shaanxi,1,610000,Western
2103,610721,Shaanxi,1,610000,Western
2104,610722,Shaanxi,1,610000,Western
2105,610723,Shaanxi,1,610000,Western
2106,610724,Shaanxi,1,610000,Western
2107,610725,Shaanxi,1,610000,Western
2108,610726,Shaanxi,1,610000,Western
2109,610727,Shaanxi,1,610000,Western
2110,610728,Shaanxi,1,610000,Western
2111,610729,Shaanxi,1,610000,Western
2112,610730,Shaanxi,1,610000,Western
2113,610800,Shaanxi,1,610000,Western
2114,610821,Shaanxi,1,610000,Western
2115,610822,Shaanxi,1,610000,Western
2116,610823,Shaanxi,1,610000,Western
2117,610824,Shaanxi,1,610000,Western
2118,610825,Shaanxi,1,610000,Western
2119,610826,Shaanxi,1,610000,Western
2120,610827,Shaanxi,1,610000,Western
2121,610828,Shaanxi,1,610000,Western
2122,610829,Shaanxi,1,610000,Western
2123,610830,Shaanxi,1,610000,Western
2124,610831,Shaanxi,1,610000,Western
2125,610900,Shaanxi,1,610000,Western
2126,610921,Shaanxi,1,610000,Western
2127,610922,Shaanxi,1,610000,Western
2128,610923,Shaanxi,1,610000,Western
2129,610924,Shaanxi,1,610000,Western
2130,610925,Shaanxi,1,610000,Western
2131,610926,Shaanxi,1,610000,Western
2132,610927,Shaanxi,1,610000,Western
2133,610928,Shaanxi,1,610000,Western
2134,610929,Shaanxi,1,610000,Western
2135,612501,Shaanxi,1,610000,Western
2136,612522,Shaanxi,1,610000,Western
2137,612523,Shaanxi,1,610000,Western
2138,612524,Shaanxi,1,610000,Western
2139,612525,Shaanxi,1,610000,Western
2140,612526,Shaanxi,1,610000,Western
2141,612527,Shaanxi,1,610000,Western
2142,620100,Gansu,1,620000,Western
2143,620121,Gansu,1,620000,Western
2144,620122,Gansu,1,620000,Western
2145,620123,Gansu,1,620000,Western
2146,620200,Gansu,1,620000,Western
2147,620300,Gansu,1,620000,Western
2148,620321,Gansu,1,620000,Western
2149,620400,Gansu,1,620000,Western
2150,620421,Gansu,1,620000,Western
2151,620422,Gansu,1,620000,Western
2152,620423,Gansu,1,620000,Western
2153,620500,Gansu,1,620000,Western
2154,620521,Gansu,1,620000,Western
2155,620522,Gansu,1,620000,Western
2156,620523,Gansu,1,620000,Western
2157,620524,Gansu,1,620000,Western
2158,620525,Gansu,1,620000,Western
2159,622101,Gansu,1,620000,Western
2160,622102,Gansu,1,620000,Western
2161,622103,Gansu,1,620000,Western
2162,622123,Gansu,1,620000,Western
2163,622124,Gansu,1,620000,Western
2164,622125,Gansu,1,620000,Western
2165,622126,Gansu,1,620000,Western
2166,622201,Gansu,1,620000,Western
2167,622222,Gansu,1,620000,Western
2168,622223,Gansu,1,620000,Western
2169,622224,Gansu,1,620000,Western
2170,622225,Gansu,1,620000,Western
2171,622226,Gansu,1,620000,Western
2172,622301,Gansu,1,620000,Western
2173,622322,Gansu,1,620000,Western
2174,622323,Gansu,1,620000,Western
2175,622326,Gansu,1,620000,Western
2176,622421,Gansu,1,620000,Western
2177,622424,Gansu,1,620000,Western
2178,622425,Gansu,1,620000,Western
2179,622426,Gansu,1,620000,Western
2180,622427,Gansu,1,620000,Western
2181,622428,Gansu,1,620000,Western
2182,622429,Gansu,1,620000,Western
2183,622621,Gansu,1,620000,Western
2184,622623,Gansu,1,620000,Western
2185,622624,Gansu,1,620000,Western
2186,622625,Gansu,1,620000,Western
2187,622626,Gansu,1,620000,Western
2188,622627,Gansu,1,620000,Western
2189,622628,Gansu,1,620000,Western
2190,622629,Gansu,1,620000,Western
2191,622630,Gansu,1,620000,Western
2192,622701,Gansu,1,620000,Western
2193,622722,Gansu,1,620000,Western
2194,622723,Gansu,1,620000,Western
2195,622724,Gansu,1,620000,Western
2196,622725,Gansu,1,620000,Western
2197,622726,Gansu,1,620000,Western
2198,622727,Gansu,1,620000,Western
2199,622801,Gansu,1,620000,Western
2200,622821,Gansu,1,620000,Western
2201,622822,Gansu,1,620000,Western
2202,622823,Gansu,1,620000,Western
2203,622824,Gansu,1,620000,Western
2204,622825,Gansu,1,620000,Western
2205,622826,Gansu,1,620000,Western
2206,622827,Gansu,1,620000,Western
2207,622901,Gansu,1,620000,Western
2208,622921,Gansu,1,620000,Western
2209,622922,Gansu,1,620000,Western
2210,622923,Gansu,1,620000,Western
2211,622924,Gansu,1,620000,Western
2212,622925,Gansu,1,620000,Western
2213,622926,Gansu,1,620000,Western
2214,622927,Gansu,1,620000,Western
2215,623021,Gansu,1,620000,Western
2216,623022,Gansu,1,620000,Western
2217,623023,Gansu,1,620000,Western
2218,623024,Gansu,1,620000,Western
2219,623025,Gansu,1,620000,Western
2220,623026,Gansu,1,620000,Western
2221,623027,Gansu,1,620000,Western
2222,630100,Qinghai,1,630000,Western
2223,630121,Qinghai,1,630000,Western
2224,630122,Qinghai,1,630000,Western
2225,630123,Qinghai,1,630000,Western
2226,632121,Qinghai,1,630000,Western
2227,632122,Qinghai,1,630000,Western
2228,632123,Qinghai,1,630000,Western
2229,632126,Qinghai,1,630000,Western
2230,632127,Qinghai,1,630000,Western
2231,632128,Qinghai,1,630000,Western
2232,632221,Qinghai,1,630000,Western
2233,632222,Qinghai,1,630000,Western
2234,632223,Qinghai,1,630000,Western
2235,632224,Qinghai,1,630000,Western
2236,632321,Qinghai,1,630000,Western
2237,632322,Qinghai,1,630000,Western
2238,632323,Qinghai,1,630000,Western
2239,632324,Qinghai,1,630000,Western
2240,632521,Qinghai,1,630000,Western
2241,632522,Qinghai,1,630000,Western
2242,632523,Qinghai,1,630000,Western
2243,632524,Qinghai,1,630000,Western
2244,632525,Qinghai,1,630000,Western
2245,632621,Qinghai,1,630000,Western
2246,632622,Qinghai,1,630000,Western
2247,632623,Qinghai,1,630000,Western
2248,632624,Qinghai,1,630000,Western
2249,632625,Qinghai,1,630000,Western
2250,632626,Qinghai,1,630000,Western
2251,632721,Qinghai,1,630000,Western
2252,632722,Qinghai,1,630000,Western
2253,632723,Qinghai,1,630000,Western
2254,632724,Qinghai,1,630000,Western
2255,632725,Qinghai,1,630000,Western
2256,632726,Qinghai,1,630000,Western
2257,632801,Qinghai,1,630000,Western
2258,632802,Qinghai,1,630000,Western
2259,632804,Qinghai,1,630000,Western
2260,632821,Qinghai,1,630000,Western
2261,632822,Qinghai,1,630000,Western
2262,632823,Qinghai,1,630000,Western
2263,640100,Ningxia,1,640000,Western
2264,640121,Ningxia,1,640000,Western
2265,640122,Ningxia,1,640000,Western
2266,640200,Ningxia,1,640000,Western
2267,640221,Ningxia,1,640000,Western
2268,640222,Ningxia,1,640000,Western
2269,640223,Ningxia,1,640000,Western
2270,640300,Ningxia,1,640000,Western
2271,640321,Ningxia,1,640000,Western
2272,640322,Ningxia,1,640000,Western
2273,640323,Ningxia,1,640000,Western
2274,640324,Ningxia,1,640000,Western
2275,640381,Ningxia,1,640000,Western
2276,640382,Ningxia,1,640000,Western
2277,642221,Ningxia,1,640000,Western
2278,642222,Ningxia,1,640000,Western
2279,642223,Ningxia,1,640000,Western
2280,642224,Ningxia,1,640000,Western
2281,642225,Ningxia,1,640000,Western
2282,642226,Ningxia,1,640000,Western
2283,650100,Xinjiang,1,650000,Western
2284,650121,Xinjiang,1,650000,Western
2285,650200,Xinjiang,1,650000,Western
2286,652101,Xinjiang,1,650000,Western
2287,652122,Xinjiang,1,650000,Western
2288,652123,Xinjiang,1,650000,Western
2289,652201,Xinjiang,1,650000,Western
2290,652222,Xinjiang,1,650000,Western
2291,652223,Xinjiang,1,650000,Western
2292,652301,Xinjiang,1,650000,Western
2293,652302,Xinjiang,1,650000,Western
2294,652303,Xinjiang,1,650000,Western
2295,652323,Xinjiang,1,650000,Western
2296,652324,Xinjiang,1,650000,Western
2297,652325,Xinjiang,1,650000,Western
2298,652327,Xinjiang,1,650000,Western
2299,652328,Xinjiang,1,650000,Western
2300,652701,Xinjiang,1,650000,Western
2301,652722,Xinjiang,1,650000,Western
2302,652723,Xinjiang,1,650000,Western
2303,652801,Xinjiang,1,650000,Western
2304,652822,Xinjiang,1,650000,Western
2305,652823,Xinjiang,1,650000,Western
2306,652824,Xinjiang,1,650000,Western
2307,652825,Xinjiang,1,650000,Western
2308,652826,Xinjiang,1,650000,Western
2309,652827,Xinjiang,1,650000,Western
2310,652828,Xinjiang,1,650000,Western
2311,652829,Xinjiang,1,650000,Western
2312,652901,Xinjiang,1,650000,Western
2313,652922,Xinjiang,1,650000,Western
2314,652923,Xinjiang,1,650000,Western
2315,652924,Xinjiang,1,650000,Western
2316,652925,Xinjiang,1,650000,Western
2317,652926,Xinjiang,1,650000,Western
2318,652927,Xinjiang,1,650000,Western
2319,652928,Xinjiang,1,650000,Western
2320,652929,Xinjiang,1,650000,Western
2321,653001,Xinjiang,1,650000,Western
2322,653022,Xinjiang,1,650000,Western
2323,653023,Xinjiang,1,650000,Western
2324,653024,Xinjiang,1,650000,Western
2325,653101,Xinjiang,1,650000,Western
2326,653121,Xinjiang,1,650000,Western
2327,653122,Xinjiang,1,650000,Western
2328,653123,Xinjiang,1,650000,Western
2329,653124,Xinjiang,1,650000,Western
2330,653125,Xinjiang,1,650000,Western
2331,653126,Xinjiang,1,650000,Western
2332,653127,Xinjiang,1,650000,Western
2333,653128,Xinjiang,1,650000,Western
2334,653129,Xinjiang,1,650000,Western
2335,653130,Xinjiang,1,650000,Western
2336,653131,Xinjiang,1,650000,Western
2337,653201,Xinjiang,1,650000,Western
2338,653221,Xinjiang,1,650000,Western
2339,653222,Xinjiang,1,650000,Western
2340,653223,Xinjiang,1,650000,Western
2341,653224,Xinjiang,1,650000,Western
2342,653225,Xinjiang,1,650000,Western
2343,653226,Xinjiang,1,650000,Western
2344,653227,Xinjiang,1,650000,Western
2345,654001,Xinjiang,1,650000,Western
2346,654101,Xinjiang,1,650000,Western
2347,654121,Xinjiang,1,650000,Western
2348,654122,Xinjiang,1,650000,Western
2349,654123,Xinjiang,1,650000,Western
2350,654124,Xinjiang,1,650000,Western
2351,654125,Xinjiang,1,650000,Western
2352,654126,Xinjiang,1,650000,Western
2353,654127,Xinjiang,1,650000,Western
2354,654128,Xinjiang,1,650000,Western
2355,654201,Xinjiang,1,650000,Western
2356,654202,Xinjiang,1,650000,Western
2357,654221,Xinjiang,1,650000,Western
2358,654223,Xinjiang,1,650000,Western
2359,654224,Xinjiang,1,650000,Western
2360,654225,Xinjiang,1,650000,Western
2361,654226,Xinjiang,1,650000,Western
2362,654301,Xinjiang,1,650000,Western
2363,654321,Xinjiang,1,650000,Western
2364,654322,Xinjiang,1,650000,Western
2365,654323,Xinjiang,1,650000,Western
2366,654324,Xinjiang,1,650000,Western
2367,654325,Xinjiang,1,650000,Western
2368,654326,Xinjiang,1,650000,Western
2369,659001,Xinjiang,1,650000,Western
